116.6416239834108,40.32871108999666
116.31933398480604,39.7522255196483
116.66346090194318,40.35599566625544
116.64032522376972,40.29819102546727
116.35724885529623,40.01744952477013
116.55395455444722,39.76807170128726
116.38695797444441,39.86845210490686
116.50072154016122,39.80528598694745
116.87326087244293,40.387832294598496
116.37540280117793,39.81305670021641
116.6409540370518,39.90625514180348
116.3274133445628,39.67271992766586
116.147727269674,39.73082083271587
116.13176303330343,39.914618044340685
116.66697803750641,40.13904203901944
116.59414163014635,39.82287029224355
116.10707490297271,39.94189234654157
116.24491772754558,40.219836703521
116.64652802274121,40.328916113653534
116.69841100492823,40.11079989857959
116.65247570352275,40.32650387800364
116.68376107934931,39.94986187884208
116.19705681844893,39.91693382289749
116.48637587065856,39.87539319351464
116.48637587065856,39.87539319351464
116.68225381253413,39.894194797317255
116.3527898464058,39.87490601277932
116.70840124016581,39.87643219159667
116.45287254349395,39.91300554637519
116.17142223343288,39.7667623087384
116.22841396888576,39.90498807766264
116.67133203448273,39.87567704900592
116.06830978631731,39.741963671437226
116.85764993962944,40.41951019531353
116.56269303220866,40.12442271339375
116.21714822965455,39.8345383996082
116.53915428377796,39.96777160480555
116.07737620416843,39.663553451451634
116.1262041391466,39.93441634732242
116.67215910436578,40.21257115637499
116.17806421454313,39.773199820738114
116.25861535945342,39.90631851514592
117.28015913285358,40.65556849088758
116.12768598391584,39.72529708244907
116.30403790807378,40.15729304166766
116.69099001327976,39.92485710792502
116.19725148125296,39.72536339895418
116.40578798505292,40.188568177047216
116.12243907126263,39.93647751746364
116.1963648537146,39.93180786254685
116.15366021824521,39.75426149285885
116.65166965398865,40.34258037071378
116.86088608522915,40.38845079702159
116.2336357289847,39.90466504655672
117.18384982285671,40.51438420812729
116.07451420281365,39.67990112403047
116.18349851372574,39.84146909591423
116.11526933566529,39.9108023058635
116.85582089978058,40.481617344716
116.85788700245352,40.47856002911324
116.11817185059856,39.80178950766852
116.5817725022573,39.91406110293895
116.65098532485115,39.91425811862809
116.22147626560161,39.77470557662713
116.34769196263667,39.95408305138097
116.6459675699335,40.33171780064381
116.64987591754635,40.33548223470536
116.4497639923106,39.81254506784597
116.43937203484896,39.821748944945895
115.99196989763784,39.694704377835905
116.20557176654745,39.92925114870418
116.07247334252553,39.6606812250671
116.1002596387296,39.940050824803855
116.07133465046108,39.69278405904731
116.41852182497908,40.13338446229324
116.2998836044123,39.86184960580458
116.62721571190437,39.66462948990371
116.6498908294178,40.340492329121254
116.51449022803487,39.796677571072685
116.67084398509914,40.12035008902483
116.62511915667466,40.29683600568565
116.63826163577728,40.346941635135416
116.83930546314907,40.378800710370506
116.37346102398756,39.75042906719188
116.66431495443544,40.209917521798296
116.68258187370635,40.28984047563657
116.40653968710369,39.72102952178147
116.17192699129896,39.77437208388243
116.34198098535698,39.75437812159677
116.86922595358378,40.3953748994029
116.23611029117303,39.9075600949336
116.22847873671301,39.90753857883821
116.48464366814369,39.789895064576356
116.4144790010314,39.82735314195856
116.34336617245337,39.789171673858064
116.14175174142164,39.90992163525568
115.95384985416916,39.60819017235344
116.29325896059845,39.82710108559351
116.56203816749188,39.74539747307517
116.12255297640127,39.962228327179176
116.32841199079823,39.678398555249
116.654492938376,39.90752771701253
116.81727577814459,40.37584139375639
116.67680478114114,40.03682734021231
116.15366021824521,39.75426149285885
116.50240640197576,39.812602501109026
116.67084398509914,40.12035008902483
116.64352938911834,40.139166971555575
116.50780458927687,39.81125214846453
116.17672618848604,39.76879050036656
116.10955701092732,39.94744807206647
116.65580114069016,39.90980727868284
116.39676702146065,39.86865908246709
116.84449641136904,40.38461631945644
116.1595339684833,39.75267311721707
116.726597496237,40.083895659788276
116.17416790422415,39.765879774229774
116.18818506340185,39.72653218212008
116.37346102398756,39.75042906719188
116.10707490297271,39.94189234654157
116.65098532485115,39.91425811862809
116.32893004358583,39.84635103362843
116.17278738831642,39.75316710065811
116.09564827722471,39.95232648533963
116.12768598391584,39.72529708244907
116.11207226635528,39.93263921643143
116.63594697196972,40.325216973011344
116.6409540370518,39.90625514180348
116.11583940034193,39.944229045460226
116.86337978132484,40.38733228162473
116.84647343863355,40.36545401676192
116.22075465678545,39.76814875920781
117.10603725212415,40.150777791822
116.63858897830514,39.90953006869645
116.24581486525842,39.847957241289976
116.66720944100578,40.35553410759444
116.68741996752199,39.89932010837384
116.13376992309973,39.733780928874424
116.50947121548955,39.774674244599055
116.67285331486386,39.89603472540973
116.66346090194318,40.35599566625544
116.4133836971231,39.91092454729957
116.83535821890769,40.37782349219975
116.52036200200087,39.92289705453005
116.24521776158592,40.217648217330996
116.63887230386295,40.344721205616004
116.4133836971231,39.91092454729957
116.38072103928863,39.85883761510765
116.13238816410784,39.91052101828298
116.86102999377184,40.374964030205305
116.24721640151509,40.22906097604864
116.68253803639747,40.37064602455777
116.15606650921478,39.7307633306315
116.40014599763641,39.82429806456491
116.67084398509914,40.12035008902483
116.50840017076167,39.771572284768865
116.27301807135599,40.12563457752635
116.31906009145605,39.63569270282786
116.66267012360277,40.186692162655376
116.85788700245352,40.47856002911324
116.65022365160922,40.323239710163385
116.21781378420691,39.92252562156472
116.5002169619563,39.81025905999376
116.25936921743737,39.844362956428476
116.65863412677696,40.1193222735393
116.46095373489565,39.79889536374518
116.11770823512488,39.94013345958985
116.56493538242266,39.927427543207095
116.36843698093136,39.92934036696799
116.67963255705601,39.88805673053098
116.21353587370727,39.772013187948644
116.86773385447745,40.39612530725877
116.64766491819462,40.336947266047495
116.37073017523724,39.79592258349039
116.07911334736364,39.65736808985407
116.81690073559416,40.343339242485534
116.07114798257612,39.679643108811305
116.85158898252308,40.40609301522951
116.34097102047213,39.74118609398636
116.6394746177074,40.333056210894256
116.85764993962944,40.41951019531353
116.3545479201194,39.8775796323699
116.07911334736364,39.65736808985407
116.14280150124058,39.951141242516634
116.63833125445429,40.14388079929007
116.1324939844969,39.967941092339565
115.97745175347721,39.72160795216488
116.322223847223,40.08285818455981
116.64513322377586,40.30366271082582
116.4539282671632,39.96953606541112
116.6386055071265,40.34024094310771
116.64417401315231,39.91407307055153
116.42330143910601,40.12519412160246
116.11936875286007,39.93428246072968
116.33579049259608,39.72324449933027
116.241603339536,40.22970180858249
116.56041358197709,40.09492418069987
116.27301807135599,40.12563457752635
116.2001530080502,39.73992407222861
116.35067550472695,39.80188609943226
116.70869651318694,39.88772815187519
116.67953868413021,40.227499114804395
116.14210172124834,39.73756086568381
115.90989846048248,39.58495445787599
116.58800983291901,39.96386189104443
116.61757258191588,39.928731121467926
116.44570607683036,39.88883976277752
116.5310016222916,40.226264362849285
116.64145547118747,40.31766776003285
116.42182803840856,39.987720045817596
116.43141583277763,39.856912075571756
116.5002169619563,39.81025905999376
116.16655000400787,39.938035058075755
116.12768598391584,39.72529708244907
116.64836775242563,40.337788969145066
116.87776865932257,40.39237022726501
116.29110203923844,39.8218780656881
117.27671098715355,40.654390009290225
116.41272541884537,40.05643555811663
116.34097102047213,39.74118609398636
116.57478036165926,39.78741937048011
116.13488796868099,39.743477467026246
116.63896393102495,39.90252106078517
116.79988516566324,39.78442117716335
116.37248744047585,40.080924706981904
116.64172083063512,40.327873537985255
116.85158898252308,40.40609301522951
115.99196989763784,39.694704377835905
116.14280150124058,39.951141242516634
116.85394245312868,40.37408411300298
116.50815591656185,39.80769625127198
116.83421081327978,40.391166740730384
116.63298827826746,40.32835182394651
116.39336459951105,40.090910492754055
114.54561160958328,38.04325613649811
116.0148615966097,39.72124457802407
116.85737029712419,40.371809273774964
116.40696952629021,40.049220591093786
116.43247197056571,39.814559637073216
116.4133836971231,39.91092454729957
116.16616696653843,39.73608210350678
116.31834656738948,39.75430337383165
116.65465077065409,40.128708103298
116.11977972763088,39.91873426076333
116.21781378420691,39.92252562156472
116.8397699769283,40.370921138603784
116.07737620416843,39.663553451451634
116.85764993962944,40.41951019531353
116.65856666403316,39.83881895447633
116.42223335385464,40.135365457642635
115.99882881952871,39.984237289187796
116.22589044545387,39.904402099555995
116.64328444274716,39.897435556464174
116.64491448638418,40.13375729102961
116.8506297718995,40.41769419004532
116.67058176972078,40.09145901336364
117.27671098715355,40.654390009290225
116.50072154016122,39.80528598694745
116.26976018676297,40.22886012505389
116.44154970706627,40.074520504731524
116.87097504424227,40.37552205399397
116.23611029117303,39.9075600949336
116.63993886199499,40.325616516445315
116.84449641136904,40.38461631945644
116.37796072611758,39.74487694219759
116.66547858594916,39.899731730114105
116.31834656738948,39.75430337383165
116.64987591754635,40.33548223470536
116.0998361775122,39.94306219272553
116.21057865196845,39.91811751863293
116.68383474040114,40.58046379638685
116.27156443337972,39.89978438485856
116.45160686606432,39.85554307605979
116.66433504303494,40.191263844233106
116.11839076765136,39.938096188897035
116.85582089978058,40.481617344716
116.37796072611758,39.74487694219759
116.07780496538835,39.6789094573217
116.1704599685706,39.760564082486404
117.27671098715355,40.654390009290225
116.19705681844893,39.91693382289749
116.31660969368592,39.857919092739735
116.18394245630877,39.92072549168867
116.68084275423904,40.29090792672639
116.41965773229643,40.53778175122725
116.07957848995669,39.716058065493534
116.50520731855588,39.81506973022025
116.85158898252308,40.40609301522951
116.6647901145902,40.14122687853245
116.10137183078152,39.944533011625964
116.29110203923844,39.8218780656881
116.68253803639747,40.37064602455777
116.16017005861492,39.937986789582965
116.19181810268078,39.77984597524696
116.11936875286007,39.93428246072968
116.13448606679584,39.91139766870257
116.70720406841265,39.7257332024706
116.07114798257612,39.679643108811305
116.21353587370727,39.772013187948644
116.43981741472082,39.8090910851997
116.69303374814552,39.88446089471593
116.16017005861492,39.937986789582965
116.64303365911488,40.340667337471
116.40897355605242,39.712066417028325
116.36855699454748,40.0729130962032
116.16508964656269,39.727878036015525
116.8554047148378,40.389587771436965
116.5002169619563,39.81025905999376
116.64914299008076,40.32295312356417
116.66346090194318,40.35599566625544
116.68897322757931,39.937424714979855
116.60990725116869,40.00603531175654
115.90989846048248,39.58495445787599
116.16529668816037,39.73255364124223
116.87158714961676,40.389972024849406
116.69099001327976,39.92485710792502
116.21781378420691,39.92252562156472
116.3916636580279,39.845461772692616
116.4133836971231,39.91092454729957
116.5002169619563,39.81025905999376
116.3447184815681,40.03574970902668
116.23068802928422,39.91511127021414
116.64353630607077,40.32214465120811
116.66431495443544,40.209917521798296
116.86981182843736,40.38178462744285
116.19055299672613,39.93664708317953
116.8387539933965,40.466084008173105
116.48464366814369,39.789895064576356
116.32415815488626,40.084337075337096
116.19055299672613,39.93664708317953
116.15990038730081,39.728089256898976
116.87407258130176,40.37700901830585
116.11516908477036,39.94232915693557
116.54894940705873,40.093336231059105
116.21057865196845,39.91811751863293
116.2355227993695,39.9070044793671
116.4133836971231,39.91092454729957
116.06913101721456,39.69192708119229
116.50126483533369,39.766206999666856
116.10385609466937,39.949549501363116
116.83930546314907,40.378800710370506
116.15022761323047,39.90605900231783
116.13227596574964,39.91097906123637
116.85116695859449,40.40343200123935
116.83727565201876,40.469265117319964
116.40653968710369,39.72102952178147
116.82185093793748,40.370964906643096
116.2998836044123,39.86184960580458
116.17598939830671,39.94074101234216
116.11207226635528,39.93263921643143
116.07957848995669,39.716058065493534
116.65970984762518,39.95140314127176
116.4133836971231,39.91092454729957
116.58842849693347,39.91357727757617
116.84862717942612,40.403471627418924
116.86347563052277,40.388532127878364
116.83535821890769,40.37782349219975
116.19278259100193,39.93768970939318
116.84769963229314,40.373533433462384
116.49520432738008,39.926652840134636
116.41581621861357,40.083366053927726
116.62511915667466,40.29683600568565
116.67680478114114,40.03682734021231
116.79672757858715,39.713914802687775
116.46151634363652,39.804523195756566
116.63632686536987,39.88197769922303
116.19591974333441,39.92388870834631
116.63960298556478,39.908817079693925
116.23068802928422,39.91511127021414
116.64877899668812,40.322940334402325
116.86501388887804,40.39090166992533
116.842701417299,40.386838790773616
116.85116695859449,40.40343200123935
116.55564501700792,39.96177505405817
116.71473052112802,40.331909818921595
116.42787695822108,39.85363565305998
116.62511915667466,40.29683600568565
116.56041358197709,40.09492418069987
116.44834035773836,39.9326185381744
116.65560768042076,39.9469232284201
116.63466895272067,40.339378029546324
116.40767101306294,39.71436507938352
116.68383474040114,40.58046379638685
116.69406958422907,39.94382156547787
116.85394245312868,40.37408411300298
116.5367582334912,39.971336214441074
116.42991539308431,40.048260180479176
116.68652902811722,40.291460253934176
116.19055299672613,39.93664708317953
116.37540280117793,39.81305670021641
116.10385609466937,39.949549501363116
115.90989846048248,39.58495445787599
116.17637814352855,39.72851400029572
116.12249889840959,39.73666748103654
116.44081004230934,39.78730009522847
116.42541860388955,39.87645674571676
116.11184777980831,39.948308827254884
116.07133465046108,39.69278405904731
116.1965589775353,39.77775206246416
116.83421081327978,40.391166740730384
116.52036200200087,39.92289705453005
116.52407002748494,39.79099108600879
116.01688502977093,39.71949809366785
116.59143045428672,40.29647508597401
116.46275331032378,39.893108462127906
116.31974882229052,39.62703346797795
116.66720944100578,40.35553410759444
116.00858594448644,40.47017794719296
116.70869651318694,39.88772815187519
116.13176303330343,39.914618044340685
116.87206603628412,40.37921601002697
116.316653890317,39.76666310216808
116.01483967795528,39.719166828943465
116.19648298088914,39.77768808419308
116.48990297741292,39.79829610601865
116.17637814352855,39.72851400029572
116.67680478114114,40.03682734021231
116.65229397631808,40.324727561715946
116.18349851372574,39.84146909591423
116.33306260825391,40.073508968820065
116.58800983291901,39.96386189104443
116.73226499553006,39.83889305568233
116.1124131732963,39.94405590306849
116.29989302275035,39.8446155156529
116.63896393102495,39.90252106078517
116.20808729146705,39.938026621464864
116.31834656738948,39.75430337383165
116.4133836971231,39.91092454729957
116.50259163257192,39.794469200212795
116.51318804436764,39.93497706371782
116.85788700245352,40.47856002911324
116.79836375224302,40.357824344662966
116.50259163257192,39.794469200212795
116.1019798039507,39.96022932638976
116.19648298088914,39.77768808419308
116.43032007971658,39.870013973871714
116.26555315256806,40.22060839666042
116.63841443754451,40.14381668279928
116.4699610442442,39.96505808765629
116.66093495667968,40.13005208030852
116.14717606941306,39.90586002566867
115.90498005815424,40.382930920715296
116.21353587370727,39.772013187948644
116.13708297819464,39.73903605878258
116.23068802928422,39.91511127021414
116.5737977052619,39.8052623598799
116.85101227038568,40.474875684427204
116.64548742563845,40.12906668367338
116.2253766182954,39.764092485597814
116.8506297718995,40.41769419004532
116.57969696737648,39.96443326380399
116.50072154016122,39.80528598694745
116.83879729172207,40.36801912312636
116.67680478114114,40.03682734021231
116.2250352622016,39.91516052342874
116.64535959676438,39.88116690380621
116.50780458927687,39.81125214846453
116.14280150124058,39.951141242516634
116.17694503490505,39.93805342626825
116.44112597635721,39.81362208935671
116.4186351552022,40.077275842841395
116.12284149978836,39.940470579645655
116.07742632961588,39.73509992030528
116.64597978688845,40.32825340207588
116.39676702146065,39.86865908246709
116.20531565964657,39.94919045216589
116.5310016222916,40.226264362849285
116.64168930011171,40.326950648340826
116.85116695859449,40.40343200123935
116.22970357627584,40.22240089972003
116.20058006248962,39.912562090913895
116.6955335527187,40.289051416315004
116.4133836971231,39.91092454729957
116.34634890606873,40.09708678440699
116.11839076765136,39.938096188897035
116.18349851372574,39.84146909591423
116.21236286637236,39.89745660489347
116.36539495915235,40.04064393344764
116.22031834979929,39.813639201294116
116.11813043871456,39.93573106367722
116.18818506340185,39.72653218212008
116.13176303330343,39.914618044340685
116.63735560483991,39.908184888932645
116.21353587370727,39.772013187948644
116.63735758111204,40.08082174877947
116.44260063468236,39.86472467050575
116.87097504424227,40.37552205399397
116.84703178884041,40.39435767383429
116.50423948419943,39.80818935174332
116.26166995750955,39.90075810972683
116.41774676698505,39.868863567371655
116.45692945460573,39.96498616549124
116.17529096577272,39.901343182070015
116.32804787637687,39.628176017874615
116.46040828378996,39.807164070129815
117.03138734560059,40.14701133340791
116.27011735303371,40.12615171476214
116.68212912772934,39.946588550550146
116.60640799188509,40.05315605405428
116.4225174053152,39.676336875479095
116.12401011776902,39.93360859775469
116.11994241075874,39.94119117596664
116.11427728352228,39.934602661211095
116.67298635390988,40.125018200482025
117.07751713014898,40.1500534150064
116.11264808018714,39.95273598838744
116.6517119641782,40.29720249506835
116.07257041760504,39.71525541402587
116.61313378489945,39.905551873616645
116.69604549702885,39.87879536690677
116.16616696653843,39.73608210350678
116.54298699406681,39.85775708479542
116.35523503400394,40.03997637488187
116.59224539704536,39.774732888162006
116.73750400309477,40.21441807463851
116.23583325375375,39.93304600280258
116.64988804467072,40.14587803190722
116.3140815924892,39.85514697290258
117.07751713014898,40.1500534150064
116.2336357289847,39.90466504655672
116.6498908294178,40.340492329121254
116.3596104106514,40.226664633743646
116.28379899510344,40.203803508359314
116.10202570736223,39.961900452781464
115.95904232950848,39.73992753992487
116.45906882044405,39.81721176110026
116.11583940034193,39.944229045460226
116.63896393102495,39.90252106078517
116.68897322757931,39.937424714979855
116.24358724725477,40.218034490768986
116.11998184637064,39.928900153234096
116.37347315111195,39.85118927664072
116.80776398042164,40.36404239813904
116.68212912772934,39.946588550550146
116.56177685041901,39.78440977246035
116.3342800817116,40.41691762312666
115.95384985416916,39.60819017235344
116.4133836971231,39.91092454729957
116.27936971177114,40.145440489707994
116.63847839689684,40.310566845324544
116.848287889435,40.368368938273605
116.48915998892565,39.788316111324896
116.17192699129896,39.77437208388243
116.86981182843736,40.38178462744285
116.22242092367591,39.91419454515881
116.1002596387296,39.940050824803855
116.83535821890769,40.37782349219975
116.06515897974107,39.71777508332757
116.40440701999245,39.8444280493908
116.38235092480595,39.9163958543156
116.30403790807378,40.15729304166766
116.842701417299,40.386838790773616
116.27133949768006,39.86682319030489
116.34297630786206,40.09311489760845
116.46151634363652,39.804523195756566
116.45906882044405,39.81721176110026
116.4133836971231,39.91092454729957
116.23611029117303,39.9075600949336
116.37632706771713,39.86709337504644
116.4133836971231,39.91092454729957
116.64588380942152,40.3212165760955
116.30433928957237,40.22054442207961
116.82622487729608,40.37491263846726
116.84118840132855,40.35672284147919
116.15602509733078,39.7411971904089
116.19292640971408,39.744468129196896
116.66685344253216,39.9223930257293
116.11491136091958,39.913586893241046
116.83727565201876,40.469265117319964
116.8387539933965,40.466084008173105
116.63833125445429,40.14388079929007
117.11307367918384,40.16372536851205
116.66889538078688,40.11254076786642
116.44813716103201,39.849967648043396
116.12768598391584,39.72529708244907
116.85788700245352,40.47856002911324
116.1704599685706,39.760564082486404
116.10707490297271,39.94189234654157
116.1965589775353,39.77775206246416
116.53983097731863,39.860296064976936
116.85777704985908,40.39235175029413
116.13499468737558,40.24239573945733
116.19390735933096,39.93658525951325
116.32841199079823,39.678398555249
116.20532877152941,39.95083050289575
116.67084398509914,40.12035008902483
116.11714203316193,39.93340306268382
116.86501388887804,40.39090166992533
116.83535821890769,40.37782349219975
116.16017005861492,39.937986789582965
116.85737029712419,40.371809273774964
116.21236286637236,39.89745660489347
116.17672618848604,39.76879050036656
116.64119101004532,40.31949700439593
116.57969696737648,39.96443326380399
116.07133465046108,39.69278405904731
116.41765792457012,40.06034036698043
116.44570607683036,39.88883976277752
116.05090403909487,40.491433020802624
116.63992799249829,40.330155027759155
116.62262330464573,40.2916168914237
116.85764993962944,40.41951019531353
116.59143045428672,40.29647508597401
116.6582496520187,39.92371136405222
116.19591974333441,39.92388870834631
116.4133836971231,39.91092454729957
116.65855247080613,39.95512623940717
116.19177127865879,40.05128013603794
116.17192699129896,39.77437208388243
116.63826163577728,40.346941635135416
116.66809283464428,40.18456915597397
116.12768598391584,39.72529708244907
116.3916636580279,39.845461772692616
116.62721571190437,39.66462948990371
116.15366021824521,39.75426149285885
116.34690235209341,39.80321792931229
116.14280150124058,39.951141242516634
116.08532953166213,39.71907067515453
116.17529096577272,39.901343182070015
116.6727456080332,39.875736851621156
116.11813043871456,39.93573106367722
116.1733069682234,39.76960110850997
116.33358569155241,39.695550564103115
116.66832163305769,39.91171907668445
116.22643904422205,40.23436206850681
116.22841396888576,39.90498807766264
116.47675403051063,39.88037104835619
116.85394245312868,40.37408411300298
116.0797513239368,39.71947395128768
116.42401083096723,40.12278283822037
116.135980936995,39.74813577746895
116.62721571190437,39.66462948990371
117.27671098715355,40.654390009290225
116.87097504424227,40.37552205399397
116.84921754580729,40.47973676478612
116.82401154235006,40.37878209224441
116.5268890000058,40.21781170719753
116.40635158192987,40.05245720767015
116.17806421454313,39.773199820738114
116.20992145165731,39.91477279174983
116.25936921743737,39.844362956428476
116.42367324775658,40.13046299127812
116.50947121548955,39.774674244599055
116.37739641059622,39.85353214151716
116.67084398509914,40.12035008902483
116.17806421454313,39.773199820738114
116.50780458927687,39.81125214846453
116.43696628286268,39.866110514927456
116.64877899668812,40.322940334402325
116.54968242435491,39.7500239626141
116.67084398509914,40.12035008902483
116.11273431751611,39.96202426132661
116.2355227993695,39.9070044793671
116.86704486780556,40.38646056438882
116.13708297819464,39.73903605878258
116.2250352622016,39.91516052342874
116.86704486780556,40.38646056438882
116.1002596387296,39.940050824803855
116.43247197056571,39.814559637073216
116.06913101721456,39.69192708119229
116.6727456080332,39.875736851621156
116.42223335385464,40.135365457642635
116.64168930011171,40.326950648340826
116.85306103576227,40.48214210038622
116.83534088161134,40.37169143816881
116.66291059998777,40.35396247509789
116.64643594642644,39.896291647097065
116.64588380942152,40.3212165760955
116.42607971838729,39.84452880486406
116.11171905262873,39.911152703053276
116.88114296430972,40.39861274684351
116.15366021824521,39.75426149285885
116.44154970706627,40.074520504731524
116.87407258130176,40.37700901830585
116.70219134400587,39.948332750409676
116.63518637669443,40.326800831411575
116.65856666403316,39.83881895447633
117.27671098715355,40.654390009290225
116.21403667902908,39.77461352142407
116.48990297741292,39.79829610601865
116.22409644311311,39.80588643043943
116.06601758014752,39.71152703784554
116.15990038730081,39.728089256898976
116.13176303330343,39.914618044340685
116.42688318144829,39.8726115402505
116.34177320729252,39.72693388819229
117.27671098715355,40.654390009290225
116.87428997123516,40.38647189884666
116.30572537497429,39.82440148199817
116.64513322377586,40.30366271082582
116.51482538582066,39.81708367065381
116.6795407502329,40.375274921895866
116.65069607047695,39.90259184079332
116.85777704985908,40.39235175029413
116.86996058782984,40.37689387130139
116.1253086183837,39.9306217772864
116.45108000988272,39.82245910600145
116.64877899668812,40.322940334402325
116.33383416285645,39.756805507357896
116.23611029117303,39.9075600949336
116.07451420281365,39.67990112403047
116.20372296397737,39.939787360923354
116.48464366814369,39.789895064576356
116.13410078356262,40.25164630665585
117.10603725212415,40.150777791822
117.10603725212415,40.150777791822
116.26805358595509,40.13743520118713
116.48464366814369,39.789895064576356
116.63776244740542,40.326756346926096
116.87428997123516,40.38647189884666
116.06913101721456,39.69192708119229
116.84921754580729,40.47973676478612
116.87097504424227,40.37552205399397
116.44012625215514,40.08296368870586
116.69604549702885,39.87879536690677
116.26551901695869,40.226550054464006
116.3394069807487,39.78079411499957
115.90989846048248,39.58495445787599
116.64065199299,39.658587373851645
116.47075182258459,40.674644179745314
116.6919670103524,40.08919604388779
116.64964442421642,40.14045813437584
116.46886538101366,39.88300607704931
116.23352927978176,39.90020084716254
116.26842108273922,39.92696573796655
116.67963255705601,39.88805673053098
116.12284149978836,39.940470579645655
116.64643594642644,39.896291647097065
116.36477297241726,39.87240810549313
116.8740009863526,40.39050904173703
116.87428997123516,40.38647189884666
116.20557176654745,39.92925114870418
116.65210102029457,40.16829406139965
116.07247334252553,39.6606812250671
116.10137183078152,39.944533011625964
116.19278259100193,39.93768970939318
116.58441495774542,39.96398007454317
116.6022827933222,40.05596897059378
116.51910096072595,39.906194051505864
116.11242449194573,39.937370291416734
116.48727597277956,39.793877387920645
116.63670130420509,40.31243094616312
116.5310016222916,40.226264362849285
116.4851600141508,39.8675539949845
116.1253086183837,39.9306217772864
116.66291059998777,40.35396247509789
116.10020124887149,39.94828103213379
116.33017331132928,39.73656481082026
116.37346102398756,39.75042906719188
116.1002596387296,39.940050824803855
116.55730948728737,39.918570875831584
116.13857021279695,39.74586349256013
116.69406958422907,39.94382156547787
116.19859157341273,39.72439639250268
116.26842108273922,39.92696573796655
116.86371835267157,40.38280424274146
116.5002169619563,39.81025905999376
116.4133836971231,39.91092454729957
116.81926696213803,40.36940614214007
116.15366021824521,39.75426149285885
116.37346102398756,39.75042906719188
116.387873168098,39.841644507983105
116.56012073438083,40.09301865044828
116.4133836971231,39.91092454729957
116.11273431751611,39.96202426132661
116.81727577814459,40.37584139375639
117.28015913285358,40.65556849088758
116.35541819849743,40.07005767955038
116.07737620416843,39.663553451451634
116.63523578349749,40.316422013417366
116.21353587370727,39.772013187948644
116.32131919268733,39.529399593308035
116.33383416285645,39.756805507357896
116.29566246682094,39.843762851783964
116.82218438894276,40.37529518992273
116.14190139911959,40.110984271861966
116.41389851601086,40.06253852182869
116.32952606929169,39.89110991710682
116.52036200200087,39.92289705453005
116.64964442421642,40.14045813437584
116.15581615146915,39.72635362991566
116.85306103576227,40.48214210038622
116.87407258130176,40.37700901830585
116.55395455444722,39.76807170128726
116.70288196128195,40.29897706499982
116.79836375224302,40.357824344662966
116.63847839689684,40.310566845324544
116.38220000948029,39.809407087472245
116.41513817761464,39.98722720920571
117.10603725212415,40.150777791822
116.65229397631808,40.324727561715946
116.64513322377586,40.30366271082582
116.37503072303568,39.95816161861317
116.50978948513172,39.87489275775993
116.65046933816623,40.342629587658436
116.65306103939308,39.909035072759025
116.3089776002426,40.083542428666384
115.95904232950848,39.73992753992487
116.329255320011,39.638079499824585
116.68225381253413,39.894194797317255
116.66194617919226,40.18394050219339
116.4288479366468,39.7912694719563
116.65129829449086,39.923455306848176
116.1733069682234,39.76960110850997
116.34567661422504,39.88396737721089
116.07737620416843,39.663553451451634
116.06773729621582,39.71334595120553
116.35444398617187,40.0348340611979
116.83879729172207,40.36801912312636
114.54561160958328,38.04325613649811
116.35724885529623,40.01744952477013
116.63735758111204,40.08082174877947
116.63776244740542,40.326756346926096
116.67102400552336,39.87645406361281
116.15602509733078,39.7411971904089
116.11207226635528,39.93263921643143
117.00444536674532,40.05450850805352
116.42223335385464,40.135365457642635
116.842701417299,40.386838790773616
116.54928636145556,39.75940177445139
116.66510695695965,39.94667809175178
116.4133836971231,39.91092454729957
116.66697803750641,40.13904203901944
116.66697803750641,40.13904203901944
116.64184003577627,40.341533127286866
116.70455999597459,39.723043115472606
116.06913101721456,39.69192708119229
116.19055299672613,39.93664708317953
116.1495172332332,39.74031980458968
116.66720944100578,40.35553410759444
116.64204466977148,39.65624819103503
116.23053900040014,39.936206086959416
116.39336459951105,40.090910492754055
116.86102999377184,40.374964030205305
116.06913101721456,39.69192708119229
117.27671098715355,40.654390009290225
116.63896393102495,39.90252106078517
116.48915998892565,39.788316111324896
116.1002596387296,39.940050824803855
117.10603725212415,40.150777791822
116.83535821890769,40.37782349219975
116.59224539704536,39.774732888162006
116.56269303220866,40.12442271339375
116.19471799022315,39.926777058809854
116.37632706771713,39.86709337504644
116.63841443754451,40.14381668279928
116.30352452647483,39.94731303574101
116.08040861407845,39.65554039832675
116.63762707276504,40.31852304560499
116.24639651807614,39.844700746678036
116.08532953166213,39.71907067515453
116.12253258486619,39.930437050423045
116.10933656675518,40.0081220767828
116.842701417299,40.386838790773616
116.87097504424227,40.37552205399397
116.54391880637232,39.749493966812956
116.85135290783505,40.401721048121814
116.4133836971231,39.91092454729957
115.96323364335693,39.68652769364335
116.8387539933965,40.466084008173105
116.15742286070429,39.744947192599376
116.2336357289847,39.90466504655672
116.46309816980906,40.114135300989204
116.40014599763641,39.82429806456491
116.42934999959635,39.87269273484701
116.64065199299,39.658587373851645
116.67300647595331,40.138327809330185
116.64089474888813,40.330964778431614
116.21132577266107,39.765596293129384
116.68652902811722,40.291460253934176
116.64297558377145,39.87866323945169
116.48956898742432,39.98364104465068
116.2384528024514,39.856869980614356
116.69484850493679,39.89616571199861
116.81727577814459,40.37584139375639
116.16017005861492,39.937986789582965
116.85777704985908,40.39235175029413
116.1876038597369,39.73091856533941
116.20078298970434,39.93926527068537
116.48464366814369,39.789895064576356
116.64862341017378,40.32957861241627
115.90498005815424,40.382930920715296
116.66291059998777,40.35396247509789
116.70288196128195,40.29897706499982
116.87160955054445,40.384282951932896
115.90989846048248,39.58495445787599
116.55395455444722,39.76807170128726
116.7101730579537,39.91845293684538
116.31465183682691,39.845459349056384
116.22589044545387,39.904402099555995
116.63993886199499,40.325616516445315
116.66629047446906,40.144340574790384
116.46966999325895,39.89130104811706
116.12253258486619,39.930437050423045
116.4699610442442,39.96505808765629
116.56497814176493,39.75497360458251
116.8507903889247,40.37389853673205
116.35777903520822,39.76055111721712
116.70288196128195,40.29897706499982
116.07742632961588,39.73509992030528
116.20992145165731,39.91477279174983
116.13249497263295,39.74588505975401
116.33639900474851,40.06263004966549
116.5817725022573,39.91406110293895
116.7101730579537,39.91845293684538
116.32038572089712,39.89461247020631
116.19591974333441,39.92388870834631
116.11526933566529,39.9108023058635
116.35151604919264,39.72238942895844
116.64080698443979,40.34706570042391
116.33898276675129,39.95769675189741
116.37472359238184,40.09491169305946
116.83535821890769,40.37782349219975
116.69322373976088,39.945752181621216
116.21781378420691,39.92252562156472
116.322223847223,40.08285818455981
116.15581615146915,39.72635362991566
116.67084398509914,40.12035008902483
116.83852851871349,40.37597907764117
116.63847839689684,40.310566845324544
116.83714800280576,40.37150606138387
116.40767101306294,39.71436507938352
116.23611029117303,39.9075600949336
116.18394245630877,39.92072549168867
116.6955335527187,40.289051416315004
116.3763940813082,39.969427200619634
116.6921314900913,39.88663417004858
116.10795856610287,39.93650815273648
116.40383929321878,39.87024512485144
116.50072154016122,39.80528598694745
116.6731340353357,40.18864203426904
116.64987591754635,40.33548223470536
116.19591974333441,39.92388870834631
116.07164528450642,39.938796077555935
116.07247334252553,39.6606812250671
116.22368762427556,39.76509914111487
116.11583940034193,39.944229045460226
116.71700341372936,40.331959799958355
116.86347563052277,40.388532127878364
116.22147626560161,39.77470557662713
116.29967088566757,39.84814073820233
116.65306103939308,39.909035072759025
116.64975311918312,39.84469541461864
116.65576700508078,40.13950108911008
116.21057865196845,39.91811751863293
114.54561160958328,38.04325613649811
116.11171905262873,39.911152703053276
116.09413382396542,39.936572742634354
116.4225174053152,39.676336875479095
116.6369763402536,40.30086831042365
116.33123518535496,39.54513509254048
115.95904232950848,39.73992753992487
116.6033718989225,39.924877304383784
117.01047281705618,40.06756360321058
116.11327518726368,39.945241269637656
116.12615410352969,39.73238141666139
116.17254637294808,39.76266199704321
116.29325896059845,39.82710108559351
116.21987289536808,39.90448403167967
116.31284067325771,39.84735356758181
116.79836375224302,40.357824344662966
116.50840017076167,39.771572284768865
116.0193279716053,39.5898963649797
116.37852710774162,39.872900737792634
116.67084398509914,40.12035008902483
116.2590638833945,39.90562071327349
116.18605455222384,39.755927073810035
116.35067550472695,39.80188609943226
116.17806421454313,39.773199820738114
116.51707402417324,40.02867203671515
116.01702696204151,39.71340208031555
116.38695797444441,39.86845210490686
116.84743282594481,40.389681987260424
116.85576745060274,40.383786402937346
116.20166503588457,39.93924162093981
116.43472195637658,39.79350005293065
116.5002169619563,39.81025905999376
116.07780496538835,39.6789094573217
116.59143045428672,40.29647508597401
116.66384986822901,40.20781454181834
116.87206603628412,40.37921601002697
116.84592274085779,40.361288174956215
116.63637663149515,39.91023730820843
116.44011520299736,39.85793688589644
116.34314608760343,39.73451071458748
116.25502995267144,40.21497089368364
116.58922924646505,39.766282011717784
116.21236286637236,39.89745660489347
116.48727597277956,39.793877387920645
116.07589391024644,39.6777720702656
116.4733058848106,39.847954679254116
116.66272995074972,40.139996263999954
116.84703178884041,40.39435767383429
116.25339907901808,40.2193275161717
116.66889538078688,40.11254076786642
116.48464366814369,39.789895064576356
116.83534088161134,40.37169143816881
116.41389851601086,40.06253852182869
116.56041358197709,40.09492418069987
116.63993886199499,40.325616516445315
116.84844398708519,40.3796096834829
116.32660918147025,39.63754877581367
116.50815591656185,39.80769625127198
116.64987591754635,40.33548223470536
116.01904796977784,40.01335304126759
116.23611029117303,39.9075600949336
116.32869432822001,39.740511982938344
116.05090403909487,40.491433020802624
116.69929098500582,39.94174609706381
116.13176303330343,39.914618044340685
116.85347596307733,40.3794890277834
116.56091519577387,40.114323251736046
116.32841199079823,39.678398555249
116.20992145165731,39.91477279174983
116.66169749950828,39.88276777103254
116.66433504303494,40.191263844233106
116.842701417299,40.386838790773616
115.9829469577734,40.36778206409007
116.11714203316193,39.93340306268382
116.4133836971231,39.91092454729957
116.10795856610287,39.93650815273648
117.00444536674532,40.05450850805352
116.8335361858418,40.375751596778564
116.68688861981285,40.298845138048094
116.67349398635356,40.11155587411864
116.14155986336469,39.73379443612578
116.6383858714293,40.32261840426579
116.44057576423235,39.8253881997183
116.63466895272067,40.339378029546324
116.13238816410784,39.91052101828298
116.70288196128195,40.29897706499982
116.85347596307733,40.3794890277834
116.31977691073182,39.95734950790303
116.69639799211092,39.89460008398624
116.82185093793748,40.370964906643096
116.07114798257612,39.679643108811305
116.6517119641782,40.29720249506835
116.64001512813276,39.88644427161324
116.67604176044098,40.37626179590687
116.49520432738008,39.926652840134636
116.10137183078152,39.944533011625964
116.51449022803487,39.796677571072685
116.4133836971231,39.91092454729957
116.6394746177074,40.333056210894256
116.07257041760504,39.71525541402587
116.29989302275035,39.8446155156529
116.07742632961588,39.73509992030528
116.12838585373865,39.96019801052334
116.35541819849743,40.07005767955038
116.3346503632428,39.73824568659828
116.48660197415542,39.79218910080804
116.87407258130176,40.37700901830585
116.57478036165926,39.78741937048011
116.3432341215434,39.76242065591039
116.18349851372574,39.84146909591423
116.31834656738948,39.75430337383165
116.59899355786686,40.047587242853815
116.13249497263295,39.74588505975401
116.51482538582066,39.81708367065381
116.64417401315231,39.91407307055153
116.6514254047205,39.89593024041674
116.81727577814459,40.37584139375639
116.23068802928422,39.91511127021414
116.15320208243513,39.74760458814095
116.8401770889854,40.36925772574637
116.0998361775122,39.94306219272553
116.16017005861492,39.937986789582965
116.47063504286831,39.93686713071617
116.26220525776293,40.21491297427343
116.20992145165731,39.91477279174983
116.2134059787305,39.76795915428705
116.10996115857628,39.94520303232952
116.51347253772265,39.915902430241935
116.26293602929528,39.935158043835244
116.47075182258459,40.674644179745314
116.30403790807378,40.15729304166766
116.48727597277956,39.793877387920645
116.48464366814369,39.789895064576356
116.0709369706118,39.67714509363082
116.6517119641782,40.29720249506835
116.29606948904751,39.85017959798714
116.19725148125296,39.72536339895418
116.2355227993695,39.9070044793671
116.69367343149919,40.12360384971994
116.66291059998777,40.35396247509789
116.83930546314907,40.378800710370506
115.95384985416916,39.60819017235344
116.64065199299,39.658587373851645
116.63896393102495,39.90252106078517
116.65116579442812,40.334042745393646
116.36490160714321,39.796722514890845
116.33383416285645,39.756805507357896
116.4472525097658,39.96058679632618
116.50515225242813,39.939379646824015
117.03138734560059,40.14701133340791
116.64988804467072,40.14587803190722
116.13488796868099,39.743477467026246
116.13176303330343,39.914618044340685
116.13448606679584,39.91139766870257
116.65969475609259,39.90180924366344
116.6955335527187,40.289051416315004
116.56012073438083,40.09301865044828
116.1002596387296,39.940050824803855
116.52407002748494,39.79099108600879
116.34934430579172,39.79163060274426
116.67021166785068,39.91117124326885
116.65802067394421,39.908018296210024
116.33399540869549,39.762056320008284
116.04027798321735,39.78819711486012
116.14847268358619,39.75464001548675
116.69392405873646,39.880282457904976
116.06913101721456,39.69192708119229
116.0148615966097,39.72124457802407
116.86704486780556,40.38646056438882
116.85788700245352,40.47856002911324
116.85737029712419,40.371809273774964
116.40653968710369,39.72102952178147
117.10603725212415,40.150777791822
116.23838237529941,40.229484640919424
116.34817992218971,39.87282362795617
116.63887230386295,40.344721205616004
116.36023428382809,39.96159137976553
116.21795796224123,40.222069328131965
116.6647901145902,40.14122687853245
116.66093495667968,40.13005208030852
116.84898901688555,40.39159405271134
116.34726436921393,39.79216352877914
116.13376992309973,39.733780928874424
116.52112960405913,39.92395939693353
114.54561160958328,38.04325613649811
116.50515225242813,39.939379646824015
116.50783683844469,39.796666622253255
116.4133836971231,39.91092454729957
116.4334505149786,40.107960973740184
116.47097262607895,39.88802877234152
116.1002596387296,39.940050824803855
116.1857689809022,39.89938507959583
116.19461890712542,39.92560292043046
116.83535821890769,40.37782349219975
116.09730663902666,39.94047679048965
116.8387539933965,40.466084008173105
116.58580517535269,39.82146791252798
116.55265078508205,40.111708723618
116.19150996158594,39.91738310675415
116.10707490297271,39.94189234654157
116.17598939830671,39.94074101234216
116.69929098500582,39.94174609706381
115.90989846048248,39.58495445787599
116.64101045063782,40.32023489046201
116.64204466977148,39.65624819103503
116.5002169619563,39.81025905999376
116.84743282594481,40.389681987260424
116.37540280117793,39.81305670021641
116.84485977594782,40.479180572155
116.86704486780556,40.38646056438882
116.87097504424227,40.37552205399397
116.65514708444832,39.893038433428025
116.68404602185707,40.11155787440765
116.51482538582066,39.81708367065381
116.40101034719812,39.81688415666135
116.65140923522131,39.92128058005146
116.83727565201876,40.469265117319964
116.18079155990196,39.77898545199739
116.34309748927534,40.06818740700411
117.28015913285358,40.65556849088758
116.07737620416843,39.663553451451634
116.84703178884041,40.39435767383429
116.15236252610548,39.762527356389974
116.23355326453888,39.899006875636886
116.68376107934931,39.94986187884208
116.8507903889247,40.37389853673205
116.37838014496019,39.875184713672425
116.32608798461337,40.00738704985845
116.07027599741757,39.69611109689042
116.18749013425932,39.75171717561614
116.79836375224302,40.357824344662966
116.19217839071591,39.76728918957609
116.39336459951105,40.090910492754055
116.63887230386295,40.344721205616004
116.83571996653654,40.3842200134497
116.4133836971231,39.91092454729957
116.6955335527187,40.289051416315004
116.87407258130176,40.37700901830585
116.64588380942152,40.3212165760955
116.5002169619563,39.81025905999376
116.66082401594922,40.142141083548935
116.84118840132855,40.35672284147919
116.21781378420691,39.92252562156472
116.39336459951105,40.090910492754055
116.45092970989631,39.95257844297766
116.26471889624096,39.913964531837756
116.51482538582066,39.81708367065381
116.0899453846946,39.945119573970906
116.3989217868874,39.856580577077715
116.40465764722971,39.85162535459025
116.85465355177037,40.376494565236456
116.11400362320171,39.94766635602439
116.81438089880814,40.36771390087248
116.46384816507931,39.88425638747582
116.41581621861357,40.083366053927726
115.90338987774048,39.58916793943961
116.07957848995669,39.716058065493534
116.1704599685706,39.760564082486404
116.35132093723587,39.73452361543801
116.07114798257612,39.679643108811305
116.86773385447745,40.39612530725877
116.29945601098959,40.21032705865576
116.17672618848604,39.76879050036656
116.08532953166213,39.71907067515453
116.23355326453888,39.899006875636886
116.26530750161093,39.89754648508334
116.2867539710785,39.84735509096793
116.3409492814788,39.73152361664864
116.38675136417713,39.85108915418955
116.87097504424227,40.37552205399397
116.6795407502329,40.375274921895866
116.11180681707708,39.96755684164896
116.07957848995669,39.716058065493534
116.4133836971231,39.91092454729957
116.0797513239368,39.71947395128768
116.11994241075874,39.94119117596664
116.66146235184459,40.18046585081472
116.83930546314907,40.378800710370506
117.28015913285358,40.65556849088758
116.4133836971231,39.91092454729957
116.22409644311311,39.80588643043943
116.22824095524452,40.23131098945785
116.32841199079823,39.678398555249
116.8389375172122,40.382026445710856
116.14608085533531,39.75653474662297
116.135980936995,39.74813577746895
116.49835693056734,39.81002003486646
116.87428997123516,40.38647189884666
116.47536219595348,39.95264258346951
116.19055299672613,39.93664708317953
116.848287889435,40.368368938273605
116.218411965846,39.77493716977817
116.64282359047917,40.332464145718845
116.63670130420509,40.31243094616312
116.17529096577272,39.901343182070015
116.30092204558187,39.8385314825863
116.11207226635528,39.93263921643143
116.09770916972569,39.95362571391015
116.51398196677734,39.875052094688705
116.65863412677696,40.1193222735393
114.54561160958328,38.04325613649811
116.316653890317,39.76666310216808
116.20078298970434,39.93926527068537
116.59603705477241,39.7912366228894
116.58934476855364,39.92212804078819
116.1253086183837,39.9306217772864
116.21353587370727,39.772013187948644
116.61872411974913,39.93188732606085
116.4133836971231,39.91092454729957
116.64602883436932,40.3368794838773
116.63632686536987,39.88197769922303
114.54561160958328,38.04325613649811
116.8389375172122,40.382026445710856
116.68204998701393,39.941458091851885
116.64588380942152,40.3212165760955
116.08989103721123,39.72087912075589
116.5737977052619,39.8052623598799
116.86773385447745,40.39612530725877
116.24848534787847,39.92751793964196
116.18054479537838,39.89985765860721
116.27262515252592,40.135032284911816
116.3718858452758,39.86945618247532
116.55898554570787,39.925236205521
116.40107116248113,39.86400892712814
116.34775556266678,40.087174155407965
116.15990038730081,39.728089256898976
116.67604176044098,40.37626179590687
116.07911334736364,39.65736808985407
116.43696628286268,39.866110514927456
116.83535821890769,40.37782349219975
116.16017005861492,39.937986789582965
116.59899355786686,40.047587242853815
116.86773385447745,40.39612530725877
116.07780496538835,39.6789094573217
116.07100344521956,39.69478842091574
116.35368940954348,39.767179584831375
116.45385999594444,39.94523207332502
116.45342297031384,39.97132149217509
116.85788700245352,40.47856002911324
116.11709165725792,39.915416408232076
116.69159381030745,39.92050425973968
116.66146235184459,40.18046585081472
116.85788700245352,40.47856002911324
116.85764993962944,40.41951019531353
116.64679203473058,40.32502115391691
116.1253086183837,39.9306217772864
116.38793829524748,39.984688408133785
116.63650302308041,39.91847410362279
116.316653890317,39.76666310216808
116.63466895272067,40.339378029546324
116.58842849693347,39.91357727757617
116.44154970706627,40.074520504731524
114.54561160958328,38.04325613649811
116.64065199299,39.658587373851645
116.69633861411673,39.89293152188445
116.71892695531788,40.32893900833407
116.22168152841067,39.920232514083736
116.1473480050877,39.9039470942211
116.65517205734152,40.192748492262005
116.17529096577272,39.901343182070015
116.2710232941405,39.91898770722965
116.44154970706627,40.074520504731524
116.42976187267269,39.970305509862506
116.41427301957798,40.05207709516488
116.33026384760704,39.695619615994296
116.41965773229643,40.53778175122725
116.48464366814369,39.789895064576356
116.19387915253792,39.77896652919488
116.315596135579,39.987002556891305
116.2590638833945,39.90562071327349
116.63896393102495,39.90252106078517
116.6500331436838,39.88057233710835
116.4133836971231,39.91092454729957
116.87160955054445,40.384282951932896
116.56585988262908,39.78649202649478
116.07451420281365,39.67990112403047
116.25737219445814,39.90536527974394
116.6353180682822,40.32544765102044
116.61142314171677,39.92093424694714
116.6514254047205,39.89593024041674
116.8740009863526,40.39050904173703
116.18150220939093,39.90062637088878
116.85764993962944,40.41951019531353
116.51851805028052,39.874662749884564
115.90989846048248,39.58495445787599
116.83535821890769,40.37782349219975
116.17448159250824,39.87050253944753
116.23484592616774,39.897182665852455
116.4133836971231,39.91092454729957
116.46174307594723,39.87912447320281
116.64513322377586,40.30366271082582
116.64988804467072,40.14587803190722
117.10603725212415,40.150777791822
116.21841636754299,39.83007049834633
116.06797687429531,39.721850478008825
117.27671098715355,40.654390009290225
116.17192699129896,39.77437208388243
116.19881102944885,39.90728322170021
117.27671098715355,40.654390009290225
116.83381052834456,40.383523775937455
116.17612638989701,39.7308207633527
116.87158714961676,40.389972024849406
117.10603725212415,40.150777791822
116.27936971177114,40.145440489707994
116.48637587065856,39.87539319351464
116.34314608760343,39.73451071458748
116.67084398509914,40.12035008902483
116.17192699129896,39.77437208388243
116.64032522376972,40.29819102546727
116.67579104337317,40.039208066752636
116.23893186877987,40.217119317313845
116.13448606679584,39.91139766870257
116.4133836971231,39.91092454729957
116.14450127492658,39.73107643548527
116.842701417299,40.386838790773616
116.49255378714231,39.869923777831424
116.17448159250824,39.87050253944753
116.51482538582066,39.81708367065381
116.11770823512488,39.94013345958985
116.34528118013957,40.06636560493878
116.11516908477036,39.94232915693557
116.41581621861357,40.083366053927726
116.73237800236319,40.21323404725804
116.46151634363652,39.804523195756566
117.27671098715355,40.654390009290225
116.16366581450701,39.755736394896495
116.66704451211416,40.122589807690225
116.15366021824521,39.75426149285885
116.2017013274272,39.93925482883967
116.85576745060274,40.383786402937346
116.14717606941306,39.90586002566867
116.15498548836409,39.74543998361525
116.67192096357506,39.91737805708297
116.64137516267486,40.33038733878989
116.70498004363108,39.876204057743344
116.22398325661888,39.912181539010405
116.83727565201876,40.469265117319964
116.56568888108444,40.076307098129405
116.31660969368592,39.857919092739735
116.54557600037712,40.095086036868814
116.50259163257192,39.794469200212795
116.07114798257612,39.679643108811305
116.11180681707708,39.96755684164896
116.68212912772934,39.946588550550146
116.42767699541456,39.896425746961945
116.69978487337521,39.93850501713746
116.85788700245352,40.47856002911324
116.84743282594481,40.389681987260424
116.42901430282727,39.99649030725247
116.86704486780556,40.38646056438882
116.6377156456883,40.11312801400982
116.52614601151852,39.92661307074464
116.48464366814369,39.789895064576356
116.40935623419966,39.70903851176745
116.22484697736671,39.761351076657405
116.86704486780556,40.38646056438882
116.8506297718995,40.41769419004532
116.38178750759009,40.08674497155083
116.8387539933965,40.466084008173105
116.20992145165731,39.91477279174983
116.2336357289847,39.90466504655672
116.0148615966097,39.72124457802407
116.82920895836969,40.380273037346015
117.10603725212415,40.150777791822
116.83852851871349,40.37597907764117
116.34589220754744,39.833576470508426
116.27301807135599,40.12563457752635
116.70869651318694,39.88772815187519
116.43067976124277,40.06775161460828
116.48990297741292,39.79829610601865
116.56947973033655,39.805022693649946
116.25502995267144,40.21497089368364
116.19055299672613,39.93664708317953
116.85764993962944,40.41951019531353
116.42270685068895,39.87036921912407
116.19055299672613,39.93664708317953
116.23355326453888,39.899006875636886
116.2336357289847,39.90466504655672
116.11526933566529,39.9108023058635
116.21236286637236,39.89745660489347
116.31556954573593,39.88039658730076
116.15736303355732,39.9414041555659
116.6377156456883,40.11312801400982
116.42199197916412,40.062553086221264
116.86704486780556,40.38646056438882
116.07737620416843,39.663553451451634
116.83714800280576,40.37150606138387
116.33650949632627,39.82177131942679
116.4833999641651,39.87393299059096
116.66433504303494,40.191263844233106
116.14854841074069,39.73338618109605
116.21781378420691,39.92252562156472
116.11526933566529,39.9108023058635
116.11491136091958,39.913586893241046
116.85764993962944,40.41951019531353
116.69929098500582,39.94174609706381
116.1877155191118,39.93383017658912
114.54561160958328,38.04325613649811
116.86981182843736,40.38178462744285
116.56091519577387,40.114323251736046
116.37540280117793,39.81305670021641
116.40107116248113,39.86400892712814
116.31752919920594,39.527567295959344
116.6459675699335,40.33171780064381
116.20064671675848,39.85656423751122
116.2134059787305,39.76795915428705
116.63632686536987,39.88197769922303
116.05090403909487,40.491433020802624
116.68258187370635,40.28984047563657
116.71026890715163,39.88240382145911
116.8389375172122,40.382026445710856
116.31465183682691,39.845459349056384
116.70720406841265,39.7257332024706
116.20992145165731,39.91477279174983
116.14717606941306,39.90586002566867
116.5002169619563,39.81025905999376
116.85788700245352,40.47856002911324
116.11839076765136,39.938096188897035
116.62721571190437,39.66462948990371
116.47586605551402,39.98894956494362
116.0731019767214,39.66371008837429
116.2355227993695,39.9070044793671
116.44057576423235,39.8253881997183
116.66093495667968,40.13005208030852
116.84703178884041,40.39435767383429
116.31906009145605,39.63569270282786
116.41898112858631,39.861478739230535
116.33579049259608,39.72324449933027
116.39010105559328,39.866791762135655
116.11491136091958,39.913586893241046
116.4133836971231,39.91092454729957
116.86102999377184,40.374964030205305
116.6682144652103,39.89719152270155
116.18054479537838,39.89985765860721
116.3274133445628,39.67271992766586
115.99882881952871,39.984237289187796
116.83535821890769,40.37782349219975
116.64353630607077,40.32214465120811
116.16060510797341,39.93244045593439
116.67653196575777,40.10447413448593
116.19055299672613,39.93664708317953
116.20992145165731,39.91477279174983
116.34376331331934,39.77707761895328
116.83535821890769,40.37782349219975
116.37290452372412,39.75531946493103
116.64282359047917,40.332464145718845
116.21403667902908,39.77461352142407
116.33123518535496,39.54513509254048
116.14190139911959,40.110984271861966
116.6523253271804,40.331420800289656
116.51449022803487,39.796677571072685
116.4921782056086,39.98745973842386
116.64491448638418,40.13375729102961
116.21353587370727,39.772013187948644
116.49241993962136,39.931676529694506
116.4133836971231,39.91092454729957
116.64142403049463,39.89651120262021
116.8387539933965,40.466084008173105
116.28139908210298,40.139730268249785
116.71700341372936,40.331959799958355
116.3322190095495,39.74026009117825
116.41086547728699,39.82103240350721
116.82401154235006,40.37878209224441
116.37331397137557,39.844248074123
116.85617761689859,40.37717713532425
116.44112597635721,39.81362208935671
116.1965589775353,39.77775206246416
116.66547220798002,39.91729553295147
116.4133836971231,39.91092454729957
116.86102999377184,40.374964030205305
116.56459797887312,39.92898010428299
116.8387539933965,40.466084008173105
116.67500502605192,40.21398784094942
116.67534018383768,39.87558056180524
116.85135290783505,40.401721048121814
116.11839076765136,39.938096188897035
116.22173371996081,40.044811468348676
116.47203298590294,39.88113008384472
116.34122290533712,39.99272442864272
116.50815591656185,39.80769625127198
116.85777704985908,40.39235175029413
116.66869002814731,39.87925507708977
116.09564827722471,39.95232648533963
116.696933561856,39.87110898441399
116.63654650106709,39.911782652469775
116.59899355786686,40.047587242853815
116.3601758041394,39.74396076771149
116.10137183078152,39.944533011625964
116.64914299008076,40.32295312356417
116.41040240079658,40.0521352926957
116.11714203316193,39.93340306268382
116.1253086183837,39.9306217772864
116.69958940209624,39.94019334381542
116.11184777980831,39.948308827254884
116.11977972763088,39.91873426076333
116.1963648537146,39.93180786254685
116.316653890317,39.76666310216808
116.5002169619563,39.81025905999376
116.28596786392671,39.85516172036084
116.32326739514255,39.75360332029264
116.67308157429396,40.217420887247584
116.87097504424227,40.37552205399397
116.316653890317,39.76666310216808
116.63887230386295,40.344721205616004
116.5268890000058,40.21781170719753
116.2355227993695,39.9070044793671
116.10151654779919,39.94829168001734
116.37550026732576,39.80895972315765
116.33118101753271,40.0809530687648
116.11185802049114,40.01258608868472
116.36309960891327,40.10834947256891
116.4133836971231,39.91092454729957
116.19055299672613,39.93664708317953
116.52638576925912,39.784269907203296
116.61872411974913,39.93188732606085
116.51249634912494,39.774061603515136
116.47203298590294,39.88113008384472
116.2336357289847,39.90466504655672
115.95904232950848,39.73992753992487
117.10603725212415,40.150777791822
116.87326087244293,40.387832294598496
116.4133836971231,39.91092454729957
116.19292640971408,39.744468129196896
116.37540280117793,39.81305670021641
116.22928065404177,39.8982642308228
116.77031128811632,39.94703507993965
116.64679203473058,40.32502115391691
116.85394245312868,40.37408411300298
116.842701417299,40.386838790773616
116.51347541230028,39.86282373535654
116.82401154235006,40.37878209224441
116.4133836971231,39.91092454729957
116.19387915253792,39.77896652919488
116.67084398509914,40.12035008902483
116.05010598447984,39.60321407021111
116.58441495774542,39.96398007454317
116.67767676629971,39.890855536261355
117.27671098715355,40.654390009290225
116.63841443754451,40.14381668279928
116.84548319997177,40.3769352995126
116.64013242415912,39.90476031779818
116.24009786933182,40.20548149989244
116.29552359646065,39.84826814074565
116.67102400552336,39.87645406361281
116.25837416442396,39.84194318529085
116.82228401102378,40.37735803068757
116.30572537497429,39.82440148199817
116.35866072206628,39.964674028007884
115.99196989763784,39.694704377835905
116.67102400552336,39.87645406361281
116.41581621861357,40.083366053927726
116.15736303355732,39.9414041555659
116.23586900631304,40.22439773178064
116.37589013191707,40.06911965095603
116.66608503199892,39.881066202548425
116.07451420281365,39.67990112403047
116.50684169560074,39.9316227239555
116.64098439977802,40.32402767947262
116.87097504424227,40.37552205399397
116.4133836971231,39.91092454729957
116.42617233368534,39.87102488125153
116.66720944100578,40.35553410759444
116.6409540370518,39.90625514180348
116.45798294874358,39.77049593441205
116.86981182843736,40.38178462744285
116.17529096577272,39.901343182070015
116.37503072303568,39.95816161861317
116.44154970706627,40.074520504731524
116.1059220176812,39.93340105712321
116.86109296498807,40.397730325000275
116.88133277626396,40.397288972342295
116.45855301342024,39.971497053261
116.3989217868874,39.856580577077715
116.56585988262908,39.78649202649478
116.24303802326595,40.21825603400881
116.848287889435,40.368368938273605
116.42541860388955,39.87645674571676
116.6646104219397,39.92044225713799
116.4334505149786,40.107960973740184
116.84449641136904,40.38461631945644
116.12243907126263,39.93647751746364
116.84703178884041,40.39435767383429
116.64679203473058,40.32502115391691
116.64204466977148,39.65624819103503
116.20951101586981,39.909836058092544
116.85306103576227,40.48214210038622
116.35535495778956,39.92997208425192
116.23547042815828,40.2990809280586
116.15990038730081,39.728089256898976
116.31989973761624,39.69223606083886
116.4133836971231,39.91092454729957
116.63826163577728,40.346941635135416
116.17694503490505,39.93805342626825
116.68383474040114,40.58046379638685
116.67192096357506,39.91737805708297
116.59778003695342,40.050016055650026
116.316653890317,39.76666310216808
116.40696952629021,40.049220591093786
116.19725148125296,39.72536339895418
116.6383858714293,40.32261840426579
116.85788700245352,40.47856002911324
116.22589044545387,39.904402099555995
116.07247334252553,39.6606812250671
116.1002596387296,39.940050824803855
116.2336357289847,39.90466504655672
116.17529096577272,39.901343182070015
116.44011520299736,39.85793688589644
116.11264808018714,39.95273598838744
116.19055299672613,39.93664708317953
116.33417165623655,39.759948957480994
116.37503072303568,39.95816161861317
116.84809502324201,40.378737161394795
116.21781378420691,39.92252562156472
116.66113168558635,39.913354249111364
116.4133836971231,39.91092454729957
116.28494307700092,39.88899622974002
116.64001512813276,39.88644427161324
116.66267012360277,40.186692162655376
116.86347563052277,40.388532127878364
116.1152200186928,39.945457140618785
116.48464366814369,39.789895064576356
116.07737620416843,39.663553451451634
116.64912358668172,39.884217769795974
116.05010598447984,39.60321407021111
116.16366581450701,39.755736394896495
116.6556932541984,39.91283527619619
116.67703286091015,39.89946402750404
116.3517009204666,39.723631656917156
116.63773109654308,40.11089722400767
116.83534088161134,40.37169143816881
116.26550203898456,39.86137710883662
116.20372296397737,39.939787360923354
116.49630010789335,39.76913540156053
116.33650949632627,39.82177131942679
116.3346503632428,39.73824568659828
116.42401083096723,40.12278283822037
116.69761232149935,40.28929982997642
116.8740009863526,40.39050904173703
116.1002596387296,39.940050824803855
116.08040861407845,39.65554039832675
116.08532953166213,39.71907067515453
116.50886189486214,39.86603325894527
116.87326087244293,40.387832294598496
116.64303365911488,40.340667337471
116.54968242435491,39.7500239626141
116.32661564926993,39.63228618303499
116.21781378420691,39.92252562156472
115.96930052927969,39.729701440868055
116.35777903520822,39.76055111721712
116.87428997123516,40.38647189884666
116.471464987329,39.935691092138654
116.85737029712419,40.371809273774964
117.10603725212415,40.150777791822
116.01688502977093,39.71949809366785
116.55570403567991,40.1616430610004
116.1473480050877,39.9039470942211
116.8389375172122,40.382026445710856
116.58505055777954,39.911017138967
116.26628338511713,39.90174337529484
116.37953482686272,39.809423161216756
116.1733069682234,39.76960110850997
116.53386739652952,39.86213607929233
116.29153987334401,39.844339619893866
115.96323364335693,39.68652769364335
116.84703178884041,40.39435767383429
116.86636673697608,40.4006829033951
116.17192699129896,39.77437208388243
116.42964045415162,40.05074178720715
116.51936299644319,39.79424370231706
116.31029155171206,39.92000113778515
116.3361182842767,39.71456870893476
116.1965589775353,39.77775206246416
116.17184749126132,39.768124356702735
116.66107850590019,39.957165902548134
116.12284149978836,39.940470579645655
116.29675885401386,39.84719264505684
116.22477969428402,40.23190153836264
116.316653890317,39.76666310216808
116.316653890317,39.76666310216808
116.35777903520822,39.76055111721712
116.40935623419966,39.70903851176745
116.22242092367591,39.91419454515881
116.15990038730081,39.728089256898976
116.34304152484208,39.797250441344275
116.19405791533444,39.919520882462265
116.5148287993816,39.86897203964949
116.64964442421642,40.14045813437584
116.66624034902159,40.14219885877206
116.3527898464058,39.87490601277932
116.32330349404356,39.75193278315753
116.17529096577272,39.901343182070015
116.17451995015352,39.93835385055462
116.85777704985908,40.39235175029413
116.6409540370518,39.90625514180348
116.11526933566529,39.9108023058635
116.68258187370635,40.28984047563657
116.11583940034193,39.944229045460226
116.65517205734152,40.192748492262005
116.63896393102495,39.90252106078517
116.16616696653843,39.73608210350678
116.316653890317,39.76666310216808
116.42400103943716,39.85055405743201
116.39700129953764,39.873358134379785
116.12255297640127,39.962228327179176
116.19562554827988,39.92830113982935
116.23355326453888,39.899006875636886
116.23355326453888,39.899006875636886
116.23586900631304,40.22439773178064
116.63632686536987,39.88197769922303
116.86704486780556,40.38646056438882
116.64142403049463,39.89651120262021
116.37953482686272,39.809423161216756
116.30252219718679,39.85994436721217
116.13981203033394,39.739572100144
116.37550026732576,39.80895972315765
116.86701513389319,40.39240986000689
116.07164528450642,39.938796077555935
116.66346090194318,40.35599566625544
116.44536714616144,39.78317412438452
116.07114798257612,39.679643108811305
116.21987289536808,39.90448403167967
116.5595367459688,39.922101964166735
117.24977813428276,40.20503883755818
116.65046933816623,40.342629587658436
116.64890457979841,40.31962662153784
116.66889538078688,40.11254076786642
116.31556954573593,39.88039658730076
116.44988903643757,39.96287515380741
116.16655000400787,39.938035058075755
116.67413977818472,40.36763378151781
116.32112358904304,39.889877655876276
116.6955335527187,40.289051416315004
116.01904796977784,40.01335304126759
116.4409905118863,39.76991549127346
116.66720944100578,40.35553410759444
116.19181810268078,39.77984597524696
116.27133949768006,39.86682319030489
116.64353630607077,40.32214465120811
116.70869651318694,39.88772815187519
116.67946978409759,40.3777118504351
116.6128438118808,39.91996025776528
116.22589044545387,39.904402099555995
116.3596104106514,40.226664633743646
116.38695797444441,39.86845210490686
116.64862341017378,40.32957861241627
116.24659297749115,39.90677506436785
116.4295164752892,40.069572912919575
116.70288196128195,40.29897706499982
116.6660220607827,39.91066761173449
116.61889910133516,39.91703822034349
116.16272986999614,39.754135711107494
116.62721571190437,39.66462948990371
114.54561160958328,38.04325613649811
116.51347541230028,39.86282373535654
116.1780758026842,39.93626549056888
116.84365380080068,40.38896900477307
116.07957848995669,39.716058065493534
116.36023428382809,39.96159137976553
116.23611029117303,39.9075600949336
116.25590014121893,39.88407866291805
116.69322373976088,39.945752181621216
116.34304152484208,39.797250441344275
116.16508964656269,39.727878036015525
116.09184799576471,39.93780415733904
116.25958714635411,39.61415561343708
116.6582496520187,39.92371136405222
116.1721329727524,39.939299362263185
116.07133465046108,39.69278405904731
116.24848534787847,39.92751793964196
116.4250109144915,40.112455239460495
116.06515897974107,39.71777508332757
116.35134977284277,39.795011736503575
116.64170996113845,40.34997797249055
116.69160984408165,39.87048765686986
116.65210102029457,40.16829406139965
116.12166751666012,39.70284941472028
116.55395455444722,39.76807170128726
116.64204466977148,39.65624819103503
116.8507903889247,40.37389853673205
116.1857689809022,39.89938507959583
116.07957848995669,39.716058065493534
115.90989846048248,39.58495445787599
116.54557600037712,40.095086036868814
116.63826163577728,40.346941635135416
116.85576745060274,40.383786402937346
116.2794710489869,40.1376303955888
116.37532887063446,40.086440677163694
116.4111900350677,39.97366775250335
116.2250352622016,39.91516052342874
116.6553458794577,40.18033913441057
116.15581615146915,39.72635362991566
116.87045151179103,40.39380667590826
116.8401770889854,40.36925772574637
116.10151654779919,39.94829168001734
116.14280150124058,39.951141242516634
116.19055299672613,39.93664708317953
116.14280150124058,39.951141242516634
116.26347582107624,39.87376603706593
116.22708600385036,39.80346667879865
116.07589391024644,39.6777720702656
116.56091519577387,40.114323251736046
116.19881102944885,39.90728322170021
116.59899355786686,40.047587242853815
116.11185802049114,40.01258608868472
116.64597403773321,40.317241557212455
116.07737620416843,39.663553451451634
116.21100634027019,39.83928950411035
116.35546140699249,39.73601912657347
116.21781378420691,39.92252562156472
116.59505035600027,39.919338823097206
117.27671098715355,40.654390009290225
116.6409540370518,39.90625514180348
116.86109296498807,40.397730325000275
116.68383474040114,40.58046379638685
116.32563101660044,39.51777909430679
116.08532953166213,39.71907067515453
116.63869192411656,40.11644619665892
116.58071861023295,39.92865110096382
116.86360507634674,40.37465877094645
116.20948002432974,39.92136309934227
116.50481763362563,39.79086440166167
116.37346102398756,39.75042906719188
116.25590014121893,39.88407866291805
116.22828236712853,39.78274516324553
116.64261518360084,40.121622370901925
116.6409540370518,39.90625514180348
116.21132577266107,39.765596293129384
116.59603705477241,39.7912366228894
116.83727565201876,40.469265117319964
115.90338987774048,39.58916793943961
116.07737620416843,39.663553451451634
116.64098439977802,40.32402767947262
116.81690073559416,40.343339242485534
116.22708600385036,39.80346667879865
116.3165518428111,40.074640311761655
116.23611029117303,39.9075600949336
116.62511915667466,40.29683600568565
116.48464366814369,39.789895064576356
116.11264808018714,39.95273598838744
117.13264182742986,40.547671652230065
117.27671098715355,40.654390009290225
116.42101803633021,39.859884481486546
116.50240640197576,39.812602501109026
116.84386517208719,40.366108403383826
116.316653890317,39.76666310216808
116.4133836971231,39.91092454729957
116.63632686536987,39.88197769922303
116.23611029117303,39.9075600949336
116.85394245312868,40.37408411300298
116.66937821999849,39.882910569163904
116.83727565201876,40.469265117319964
116.07853573692071,39.65047126966165
116.03562035897869,39.88684593662883
117.07751713014898,40.1500534150064
116.67680478114114,40.03682734021231
116.3236033614033,39.73179919309874
116.48727597277956,39.793877387920645
116.46384816507931,39.88425638747582
116.8626067894335,40.383014868784784
116.48915998892565,39.788316111324896
116.64500485591849,39.89782084039338
115.98998230686644,39.71597071837017
116.67300647595331,40.138327809330185
116.64184003577627,40.341533127286866
116.23611029117303,39.9075600949336
116.45593571048633,39.812440246820174
116.44598985154094,40.07837982681014
116.23355326453888,39.899006875636886
116.11583940034193,39.944229045460226
116.85737029712419,40.371809273774964
116.1019798039507,39.96022932638976
116.8740009863526,40.39050904173703
116.1780758026842,39.93626549056888
116.322223847223,40.08285818455981
116.07737620416843,39.663553451451634
116.71892695531788,40.32893900833407
117.07751713014898,40.1500534150064
116.84118840132855,40.35672284147919
116.85003634544064,40.37713083947093
116.316653890317,39.76666310216808
116.21353587370727,39.772013187948644
116.1473480050877,39.9039470942211
116.4133836971231,39.91092454729957
116.644494977711,40.13693904219152
116.50376401109301,39.98906510114203
116.6459675699335,40.33171780064381
116.67372998665293,39.888857554881625
116.1704599685706,39.760564082486404
117.10603725212415,40.150777791822
116.14175174142164,39.90992163525568
116.51447619515535,39.87304769200958
116.11880219157491,39.92148587513433
116.18453102607893,39.84182206636424
116.40935623419966,39.70903851176745
116.72662252066598,39.860402804633004
116.56947973033655,39.805022693649946
116.10137183078152,39.944533011625964
116.85764993962944,40.41951019531353
116.20602478201614,39.951236723674064
116.28955102494491,39.92894607668545
116.85116695859449,40.40343200123935
116.54326403148609,39.75609812967715
116.17806421454313,39.773199820738114
116.28839849897562,39.86002723789241
116.85582089978058,40.481617344716
116.86922595358378,40.3953748994029
116.44057576423235,39.8253881997183
116.4626161390724,39.9979068364437
116.40101034719812,39.81688415666135
116.30557374100418,40.09480572050422
116.4133836971231,39.91092454729957
116.21236286637236,39.89745660489347
116.64836775242563,40.337788969145066
116.85649831196564,40.38086955721396
116.83187336935178,40.38886895068197
116.21353587370727,39.772013187948644
116.07957848995669,39.716058065493534
116.56646573568945,39.86911110819439
116.10137183078152,39.944533011625964
116.4133836971231,39.91092454729957
116.67349398635356,40.11155587411864
116.68404602185707,40.11155787440765
116.35777903520822,39.76055111721712
116.24634702144256,39.86855905492878
116.10955701092732,39.94744807206647
116.66266527275299,39.90498434160809
116.35523503400394,40.03997637488187
116.05090403909487,40.491433020802624
116.11936875286007,39.93428246072968
116.29325896059845,39.82710108559351
116.37749477504957,39.86021811007794
116.22181313016786,39.77547875225192
116.67084398509914,40.12035008902483
116.81438089880814,40.36771390087248
116.64184003577627,40.341533127286866
116.10385609466937,39.949549501363116
116.06601758014752,39.71152703784554
116.85788700245352,40.47856002911324
116.23611029117303,39.9075600949336
116.49630010789335,39.76913540156053
116.63841443754451,40.14381668279928
116.66107850590019,39.957165902548134
116.63650302308041,39.91847410362279
116.2279756856274,40.23382744772882
116.41177007093552,39.978265277738366
116.64654500071535,39.91389307190159
116.66636826772623,39.87236186695454
116.6582496520187,39.92371136405222
116.23473354814844,40.224180684697316
116.2355227993695,39.9070044793671
116.11998184637064,39.928900153234096
116.21152896936745,39.768434586764435
116.6369763402536,40.30086831042365
116.8387539933965,40.466084008173105
116.70720406841265,39.7257332024706
116.12401011776902,39.93360859775469
116.64597978688845,40.32825340207588
116.17058896524185,39.76339606819249
116.63960298556478,39.908817079693925
116.14967246042532,39.759655953023135
116.64032522376972,40.29819102546727
116.8554047148378,40.389587771436965
116.24659297749115,39.90677506436785
116.1531810620862,39.74505197860253
116.19417379674522,39.91893091704196
116.33123518535496,39.54513509254048
116.33854748203674,39.71357379764074
116.32466030766636,40.0826011370259
116.59143045428672,40.29647508597401
116.21781378420691,39.92252562156472
115.96440081170607,39.72660050908354
116.68380563530262,39.90873516780611
117.10603725212415,40.150777791822
116.01583212588268,39.72166345014553
116.27390158596032,39.897989168250426
116.19562554827988,39.92830113982935
116.17192699129896,39.77437208388243
116.18394245630877,39.92072549168867
116.86701513389319,40.39240986000689
116.63481567052521,40.33438494263602
116.66718500709591,40.35351856538982
116.50815591656185,39.80769625127198
116.16508964656269,39.727878036015525
116.27359235806853,39.925193046186045
116.55427698754677,40.109546312445886
116.52638576925912,39.784269907203296
116.50520731855588,39.81506973022025
116.3562793141593,39.728216543264104
116.35546140699249,39.73601912657347
116.17694503490505,39.93805342626825
116.848287889435,40.368368938273605
116.57969696737648,39.96443326380399
116.37721252745831,40.01209647233343
116.43142301922173,40.11184205279479
116.63718196238483,40.13350699195742
116.6919670103524,40.08919604388779
116.63632686536987,39.88197769922303
116.63896393102495,39.90252106078517
116.42558359413546,39.869713708021294
116.44658938063831,40.09686118584011
116.86347563052277,40.388532127878364
116.08532953166213,39.71907067515453
116.4133836971231,39.91092454729957
116.41433302638605,39.821155429719006
116.4225174053152,39.676336875479095
116.40101034719812,39.81688415666135
116.59143045428672,40.29647508597401
116.11242449194573,39.937370291416734
116.07333244827372,39.67436125165375
116.42355610871807,40.08068318280086
116.65146798440168,39.89780734766176
116.20948002432974,39.92136309934227
116.19417379674522,39.91893091704196
116.84703178884041,40.39435767383429
116.19705681844893,39.91693382289749
116.59953900897251,40.055884060844726
116.6409540370518,39.90625514180348
116.44955872950158,39.92637452307989
116.64145547118747,40.31766776003285
116.26471889624096,39.913964531837756
116.01702696204151,39.71340208031555
116.48727597277956,39.793877387920645
116.17192699129896,39.77437208388243
116.84118840132855,40.35672284147919
116.41272541884537,40.05643555811663
116.18349851372574,39.84146909591423
116.67329968287176,40.08939751872567
116.679296010445,40.3711415531211
116.63698945551405,40.33145558789925
116.2867539710785,39.84735509096793
116.412833934151,39.82090016393626
116.24064826111778,39.85373424852367
116.83892404262957,40.434988966775364
117.10603725212415,40.150777791822
116.22589044545387,39.904402099555995
116.32942752517724,39.63225172937937
116.66718500709591,40.35351856538982
116.82218438894276,40.37529518992273
116.85764993962944,40.41951019531353
116.10955701092732,39.94744807206647
116.21823473016887,40.231664617127464
116.6722605230578,39.88750490018101
116.23611029117303,39.9075600949336
116.6782047004479,40.13274843529265
116.31933398480604,39.7522255196483
116.67827512759987,40.12788722289096
116.4133836971231,39.91092454729957
116.48464366814369,39.789895064576356
116.22368762427556,39.76509914111487
116.6517119641782,40.29720249506835
116.4961616398841,39.91714046554847
115.9603037301056,39.7303462483239
116.6353180682822,40.32544765102044
116.4421386361586,39.86753821184613
115.90989846048248,39.58495445787599
116.4133836971231,39.91092454729957
116.0797513239368,39.71947395128768
116.85777704985908,40.39235175029413
116.6647901145902,40.14122687853245
116.01904796977784,40.01335304126759
116.67215910436578,40.21257115637499
116.64184003577627,40.341533127286866
116.84687719046214,40.360605923703375
116.82920895836969,40.380273037346015
116.26805358595509,40.13743520118713
116.37802091258676,39.84748748694151
116.67003254573194,40.191116755510336
116.85764993962944,40.41951019531353
116.63632686536987,39.88197769922303
116.3322190095495,39.74026009117825
116.59661655165691,40.05198016820522
116.1946460359518,39.73860806880157
116.11264808018714,39.95273598838744
116.11714203316193,39.93340306268382
116.24659297749115,39.90677506436785
116.6731340353357,40.18864203426904
116.1965589775353,39.77775206246416
116.4133836971231,39.91092454729957
116.07133465046108,39.69278405904731
116.726597496237,40.083895659788276
116.81690073559416,40.343339242485534
116.64065199299,39.658587373851645
116.45385999594444,39.94523207332502
116.84687719046214,40.360605923703375
116.64597403773321,40.317241557212455
116.85158898252308,40.40609301522951
116.54798597439928,39.763889072825904
116.1324939844969,39.967941092339565
116.53915428377796,39.96777160480555
116.63632686536987,39.88197769922303
116.35546140699249,39.73601912657347
116.07853573692071,39.65047126966165
116.54423842347276,40.110323270962354
116.64065199299,39.658587373851645
116.67021220683395,40.117911113851726
116.33898276675129,39.95769675189741
116.24639651807614,39.844700746678036
116.3840439612006,40.006495059101965
116.6032739836219,40.049671070131204
116.67729543561069,39.885892497385846
116.23893186877987,40.217119317313845
116.12144150299379,39.939220114877465
116.50815591656185,39.80769625127198
116.10477784595317,39.947335368956224
116.29403788130615,39.845276952870826
116.48464366814369,39.789895064576356
116.41040240079658,40.0521352926957
116.15602509733078,39.7411971904089
116.33650949632627,39.82177131942679
116.14760420181914,39.73336280658377
116.66156898070862,40.1268670388764
116.37891706216352,40.06880250862506
116.4133836971231,39.91092454729957
116.4133836971231,39.91092454729957
116.06601758014752,39.71152703784554
116.86922595358378,40.3953748994029
116.20948002432974,39.92136309934227
116.48915998892565,39.788316111324896
116.6606839701202,40.145057084773434
116.20754821833052,39.90771077659417
116.18833121770832,39.73576326484593
116.2250352622016,39.91516052342874
116.2001530080502,39.73992407222861
116.20557176654745,39.92925114870418
116.6548500148162,40.18975132967455
116.42355610871807,40.08068318280086
116.5737977052619,39.8052623598799
116.87428997123516,40.38647189884666
116.08666971365248,39.71806549228215
116.07957848995669,39.716058065493534
116.63960298556478,39.908817079693925
116.67084398509914,40.12035008902483
116.16017005861492,39.937986789582965
116.23352927978176,39.90020084716254
116.67298635390988,40.125018200482025
116.64890457979841,40.31962662153784
116.17254637294808,39.76266199704321
116.69679998382664,39.925605064551775
116.34097102047213,39.74118609398636
116.5002169619563,39.81025905999376
116.83535821890769,40.37782349219975
116.15736303355732,39.9414041555659
116.13376992309973,39.733780928874424
116.47644600155128,39.88357005529952
116.48915998892565,39.788316111324896
116.16655000400787,39.938035058075755
116.10434649872728,39.93300219404
116.19725148125296,39.72536339895418
116.63390027269578,40.33022783559419
116.07737620416843,39.663553451451634
116.87206603628412,40.37921601002697
116.88114296430972,40.39861274684351
116.4477359777913,39.812842071424015
117.27671098715355,40.654390009290225
115.99196989763784,39.694704377835905
116.84769963229314,40.373533433462384
116.57969696737648,39.96443326380399
116.64269558194398,40.143654460910966
116.69392405873646,39.880282457904976
116.84743282594481,40.389681987260424
116.85777704985908,40.39235175029413
116.1253086183837,39.9306217772864
116.37503072303568,39.95816161861317
116.6459675699335,40.33171780064381
116.86109296498807,40.397730325000275
116.60031918730795,39.927406102566025
117.27671098715355,40.654390009290225
116.38836202595651,39.876125428907905
116.40101034719812,39.81688415666135
116.6409540370518,39.90625514180348
116.2212904061916,39.81759963329928
116.11207226635528,39.93263921643143
116.12742781091228,39.733880928171395
116.86347563052277,40.388532127878364
116.10385609466937,39.949549501363116
116.1253086183837,39.9306217772864
116.15602509733078,39.7411971904089
116.83161596798368,40.38315611014329
116.1733069682234,39.76960110850997
116.65146798440168,39.89780734766176
116.12144150299379,39.939220114877465
116.19055299672613,39.93664708317953
116.44639525681762,40.06834760176031
116.85764993962944,40.41951019531353
116.13708297819464,39.73903605878258
116.23355326453888,39.899006875636886
116.69841100492823,40.11079989857959
116.69303374814552,39.88446089471593
116.67604176044098,40.37626179590687
116.17254637294808,39.76266199704321
116.16017005861492,39.937986789582965
116.43309332848696,39.81181831465714
116.5002169619563,39.81025905999376
116.10151654779919,39.94829168001734
116.42787695822108,39.85363565305998
116.6517119641782,40.29720249506835
116.33662636587313,39.721747252011006
116.2253766182954,39.764092485597814
116.09770916972569,39.95362571391015
116.67579104337317,40.039208066752636
116.44081004230934,39.78730009522847
116.23611029117303,39.9075600949336
116.48727597277956,39.793877387920645
116.82401154235006,40.37878209224441
116.32330349404356,39.75193278315753
116.83535821890769,40.37782349219975
116.65545134052456,40.18365276917503
116.11936875286007,39.93428246072968
116.24981681630537,40.22113210447559
116.22409644311311,39.80588643043943
116.20078298970434,39.93926527068537
116.15231635320228,39.74286461548387
116.33566185524704,39.887871887931524
116.07027599741757,39.69611109689042
116.49373191481868,39.98823595871167
116.30967387684342,39.99305015020733
116.05090403909487,40.491433020802624
116.41774676698505,39.868863567371655
116.56585988262908,39.78649202649478
116.8387539933965,40.466084008173105
116.67084398509914,40.12035008902483
115.99882881952871,39.984237289187796
116.65863412677696,40.1193222735393
116.14717606941306,39.90586002566867
115.90989846048248,39.58495445787599
116.65755103982359,40.191310072050975
116.21987289536808,39.90448403167967
116.11526933566529,39.9108023058635
116.18150220939093,39.90062637088878
116.18375767486538,39.77778394760396
116.1002596387296,39.940050824803855
116.37991696602668,39.739942173601115
116.66093495667968,40.13005208030852
116.67680478114114,40.03682734021231
116.57478036165926,39.78741937048011
116.40935623419966,39.70903851176745
116.66624034902159,40.14219885877206
116.65856666403316,39.83881895447633
115.96513023578017,40.5264568851876
116.66194617919226,40.18394050219339
116.41027996175556,39.72342708314901
116.67084398509914,40.12035008902483
116.24931196860877,40.23308055506824
116.6498908294178,40.340492329121254
116.69841100492823,40.11079989857959
116.85394245312868,40.37408411300298
116.50423948419943,39.80818935174332
116.39336459951105,40.090910492754055
116.12243907126263,39.93647751746364
116.17401321601534,40.52721531344018
116.13857021279695,39.74586349256013
116.64352938911834,40.139166971555575
116.13176303330343,39.914618044340685
116.2134059787305,39.76795915428705
116.21781378420691,39.92252562156472
116.20644240424774,39.9166508313405
115.96440081170607,39.72660050908354
116.1733069682234,39.76960110850997
116.14663331322396,39.747212850703136
116.85394245312868,40.37408411300298
115.99196989763784,39.694704377835905
116.39676702146065,39.86865908246709
116.58922924646505,39.766282011717784
116.13376992309973,39.733780928874424
116.84898901688555,40.39159405271134
116.86501388887804,40.39090166992533
116.18282244899893,39.900393820772685
116.09184799576471,39.93780415733904
115.98967849994295,39.97640000048121
116.66291059998777,40.35396247509789
116.63523578349749,40.316422013417366
116.66291059998777,40.35396247509789
116.66093495667968,40.13005208030852
116.05090403909487,40.491433020802624
116.64203272230816,40.344979242225314
116.56041358197709,40.09492418069987
116.06773729621582,39.71334595120553
116.11839076765136,39.938096188897035
116.85764993962944,40.41951019531353
116.19292640971408,39.744468129196896
116.32112358904304,39.889877655876276
116.46384816507931,39.88425638747582
116.8335361858418,40.375751596778564
116.20064671675848,39.85656423751122
116.4133836971231,39.91092454729957
116.48464366814369,39.789895064576356
116.85465355177037,40.376494565236456
116.41238127800449,39.86782819181726
116.43972974010305,39.82385543894849
116.17529096577272,39.901343182070015
116.67946978409759,40.3777118504351
116.17192699129896,39.77437208388243
116.8387539933965,40.466084008173105
116.21236286637236,39.89745660489347
116.82218438894276,40.37529518992273
116.11690712627107,39.914020150167815
116.68688861981285,40.298845138048094
116.82218438894276,40.37529518992273
116.66346090194318,40.35599566625544
116.65566891011908,39.884374039770286
115.97105312332964,39.726512828581974
116.21132577266107,39.765596293129384
116.08040861407845,39.65554039832675
116.19181810268078,39.77984597524696
116.0148615966097,39.72124457802407
116.50623596819536,39.80608805521306
116.23376292904491,40.23700364547375
116.68212912772934,39.946588550550146
116.85158898252308,40.40609301522951
116.33579049259608,39.72324449933027
116.48727597277956,39.793877387920645
116.85777704985908,40.39235175029413
116.85116695859449,40.40343200123935
116.66194617919226,40.18394050219339
116.33662636587313,39.721747252011006
116.87428997123516,40.38647189884666
115.98907160474043,39.712933827528964
116.69761232149935,40.28929982997642
116.33178431951323,39.777299638452014
116.8401770889854,40.36925772574637
116.15581615146915,39.72635362991566
116.14389976955714,39.73963125932255
115.93227022022518,40.01727152705485
116.8740009863526,40.39050904173703
116.8401770889854,40.36925772574637
116.65755103982359,40.191310072050975
117.10603725212415,40.150777791822
116.29153987334401,39.844339619893866
116.14717606941306,39.90586002566867
117.27671098715355,40.654390009290225
116.6571205718232,40.144174217635296
116.40101034719812,39.81688415666135
116.5737977052619,39.8052623598799
117.02180664784504,40.06843877663295
116.64911885916035,40.168582020856775
116.1531810620862,39.74505197860253
116.8335361858418,40.375751596778564
116.63887230386295,40.344721205616004
116.07889371166642,39.65188139696359
116.38508985830588,39.84429910986671
116.11185802049114,40.01258608868472
116.07027599741757,39.69611109689042
116.1876038597369,39.73091856533941
116.63880600891632,40.337986057029546
116.16017005861492,39.937986789582965
116.34567661422504,39.88396737721089
116.16616696653843,39.73608210350678
116.1965589775353,39.77775206246416
116.58485108507051,39.80419802475029
116.67133203448273,39.87567704900592
116.34822735272058,39.73003751005644
116.59505035600027,39.919338823097206
116.19435309852501,39.93900014411874
116.41664221053,40.06336868719719
116.17694503490505,39.93805342626825
116.50780458927687,39.81125214846453
116.67680478114114,40.03682734021231
116.64065199299,39.658587373851645
116.64119101004532,40.31949700439593
116.58632691119287,39.91809220137337
116.67604176044098,40.37626179590687
116.82228401102378,40.37735803068757
116.33070662239292,40.074769021266434
116.39092965259569,39.85578201079515
116.30236391575596,39.87161886193756
116.13249497263295,39.74588505975401
116.3094309750335,39.842691084698295
116.50840017076167,39.771572284768865
116.2998836044123,39.86184960580458
116.46142238088021,39.91747372407728
116.22589044545387,39.904402099555995
116.40935623419966,39.70903851176745
116.13708297819464,39.73903605878258
116.0797513239368,39.71947395128768
116.34613897207102,39.842054054971406
116.50569716455048,39.763781126538355
116.05090403909487,40.491433020802624
116.50240640197576,39.812602501109026
116.36843698093136,39.92934036696799
116.07309299366631,39.718929704853146
116.15558708356413,39.76153335073
116.4133836971231,39.91092454729957
116.37540280117793,39.81305670021641
116.31906009145605,39.63569270282786
116.13238816410784,39.91052101828298
116.65166965398865,40.34258037071378
115.98844395868063,40.46929900991157
116.64987591754635,40.33548223470536
116.55395455444722,39.76807170128726
116.56497814176493,39.75497360458251
116.54968242435491,39.7500239626141
116.4133836971231,39.91092454729957
116.83571996653654,40.3842200134497
116.44296588570272,39.760805638176436
116.11184777980831,39.948308827254884
116.87428997123516,40.38647189884666
116.82622487729608,40.37491263846726
116.35023326892441,39.726920708441476
116.47644600155128,39.88357005529952
116.6955335527187,40.289051416315004
116.56793446519829,40.344045521662046
115.96506421032517,39.742117077574356
116.15022761323047,39.90605900231783
116.19461890712542,39.92560292043046
116.85582089978058,40.481617344716
116.82185093793748,40.370964906643096
116.84592274085779,40.361288174956215
116.83535821890769,40.37782349219975
116.47586605551402,39.98894956494362
116.47203298590294,39.88113008384472
116.23355326453888,39.899006875636886
116.16616696653843,39.73608210350678
116.17448159250824,39.87050253944753
116.2336357289847,39.90466504655672
116.45912667131887,39.80935851979876
116.39700129953764,39.873358134379785
115.9920209213908,39.696126642119616
116.07333244827372,39.67436125165375
116.2336357289847,39.90466504655672
116.41462569432119,39.864420693364345
116.85779995664959,40.3975669987574
116.51347541230028,39.86282373535654
116.22589044545387,39.904402099555995
116.85465355177037,40.376494565236456
115.95384985416916,39.60819017235344
116.11491136091958,39.913586893241046
116.55750576704128,40.16464754026864
116.15366021824521,39.75426149285885
116.21781378420691,39.92252562156472
115.90989846048248,39.58495445787599
116.45884154915001,39.95750043657002
116.87206603628412,40.37921601002697
116.65760341103486,39.929187658426464
116.19435309852501,39.93900014411874
116.87017600149113,40.38358209941735
116.64032522376972,40.29819102546727
116.63670130420509,40.31243094616312
116.19055299672613,39.93664708317953
116.63826163577728,40.346941635135416
116.85158898252308,40.40609301522951
116.66889538078688,40.11254076786642
116.16017005861492,39.937986789582965
116.56585988262908,39.78649202649478
116.84703178884041,40.39435767383429
116.2355227993695,39.9070044793671
116.86109296498807,40.397730325000275
116.86347563052277,40.388532127878364
116.37331397137557,39.844248074123
116.19387915253792,39.77896652919488
116.08040861407845,39.65554039832675
116.23484592616774,39.897182665852455
116.67963255705601,39.88805673053098
116.31834656738948,39.75430337383165
116.10137183078152,39.944533011625964
116.39839241545036,39.86623096762798
116.63298827826746,40.32835182394651
116.32580016752796,39.68617294810686
116.83161596798368,40.38315611014329
116.67003254573194,40.191116755510336
116.64145547118747,40.31766776003285
116.43356673549073,39.81078913852616
116.0731019767214,39.66371008837429
116.64269558194398,40.143654460910966
116.8335361858418,40.375751596778564
116.32151318414269,39.767571623762336
116.64098439977802,40.32402767947262
117.27671098715355,40.654390009290225
116.69626486323436,39.90025336316161
116.80776398042164,40.36404239813904
116.84486929798624,40.37195610420757
116.19055299672613,39.93664708317953
116.48464366814369,39.789895064576356
116.6033718989225,39.924877304383784
116.69841100492823,40.11079989857959
116.37290452372412,39.75531946493103
115.96513023578017,40.5264568851876
116.10795856610287,39.93650815273648
116.34155599702021,39.74481508294889
116.47709664423212,39.875629636015525
116.67827512759987,40.12788722289096
116.1473480050877,39.9039470942211
116.42560029273659,40.122052367509106
116.37377857498535,39.80437859081476
116.73545676483755,39.95394353439613
116.19725148125296,39.72536339895418
116.85777704985908,40.39235175029413
116.23701218990506,39.89638187737581
116.23626533870406,39.8520797091149
116.06913101721456,39.69192708119229
116.33650949632627,39.82177131942679
116.65517205734152,40.192748492262005
116.37917191143669,39.88622129252588
116.10955701092732,39.94744807206647
116.80776398042164,40.36404239813904
116.2175060247392,39.82885209269396
116.85158898252308,40.40609301522951
116.11998184637064,39.928900153234096
116.18453102607893,39.84182206636424
115.9920209213908,39.696126642119616
116.50947121548955,39.774674244599055
116.84556350848436,40.37010314509392
116.31065850951288,39.88845305739138
116.22409644311311,39.80588643043943
116.63632686536987,39.88197769922303
116.37280202706543,39.959639092462794
116.21781378420691,39.92252562156472
116.14117970047288,39.73261467924976
116.15736303355732,39.9414041555659
116.14087598337996,39.95751004601641
116.19055299672613,39.93664708317953
116.32910939028088,39.69334346936194
116.42199197916412,40.062553086221264
116.61035173273504,39.888396587702175
116.56585988262908,39.78649202649478
116.65129829449086,39.923455306848176
116.0797513239368,39.71947395128768
116.07114798257612,39.679643108811305
116.438477322561,39.84597918243023
116.10137183078152,39.944533011625964
116.2336357289847,39.90466504655672
116.70840124016581,39.87643219159667
116.64735203838549,39.901401093994714
116.5512901217261,39.76468628935537
117.15624282843241,40.6963399898994
116.22031834979929,39.813639201294116
116.85158898252308,40.40609301522951
116.8401770889854,40.36925772574637
116.66547858594916,39.899731730114105
116.21659801752968,39.77456215623045
116.17192699129896,39.77437208388243
116.48915998892565,39.788316111324896
116.07164528450642,39.938796077555935
116.11526933566529,39.9108023058635
116.35680302627163,39.745829304036256
116.70840124016581,39.87643219159667
116.07133465046108,39.69278405904731
116.19705681844893,39.91693382289749
116.4133836971231,39.91092454729957
116.53386739652952,39.86213607929233
116.86773385447745,40.39612530725877
116.22613182373765,40.220104012733174
116.10795856610287,39.93650815273648
116.0797513239368,39.71947395128768
116.39839241545036,39.86623096762798
116.55538199315458,40.11331307066777
116.83187336935178,40.38886895068197
116.67604176044098,40.37626179590687
116.333788439106,39.776966366326015
116.21353587370727,39.772013187948644
116.30433928957237,40.22054442207961
116.63993886199499,40.325616516445315
116.47935597242028,39.950655053974536
116.13249497263295,39.74588505975401
116.85705076985428,40.38811235243552
116.84898901688555,40.39159405271134
116.30669886865543,39.84123073421871
116.07589391024644,39.6777720702656
116.6523253271804,40.331420800289656
116.333788439106,39.776966366326015
116.37248744047585,40.080924706981904
116.10933656675518,40.0081220767828
116.07114798257612,39.679643108811305
116.21781378420691,39.92252562156472
116.31834656738948,39.75430337383165
117.27671098715355,40.654390009290225
116.71892695531788,40.32893900833407
116.38072103928863,39.85883761510765
116.19055299672613,39.93664708317953
116.44639525681762,40.06834760176031
116.84386517208719,40.366108403383826
116.84118840132855,40.35672284147919
116.84118840132855,40.35672284147919
116.67372998665293,39.888857554881625
116.66156898070862,40.1268670388764
116.6582496520187,39.92371136405222
116.84703178884041,40.39435767383429
116.05090403909487,40.491433020802624
117.13874994557553,40.147856247291934
116.37346102398756,39.75042906719188
116.4133836971231,39.91092454729957
116.15606650921478,39.7307633306315
116.07451420281365,39.67990112403047
116.26628338511713,39.90174337529484
116.39839241545036,39.86623096762798
116.65775172127451,39.89324623577262
114.54561160958328,38.04325613649811
116.16017005861492,39.937986789582965
116.31906009145605,39.63569270282786
116.51338504276596,39.84993309619324
116.37796072611758,39.74487694219759
116.64119101004532,40.31949700439593
116.07247334252553,39.6606812250671
116.67684798963622,40.211611072173916
116.48464366814369,39.789895064576356
116.6606839701202,40.145057084773434
117.27671098715355,40.654390009290225
116.63880600891632,40.337986057029546
116.87097504424227,40.37552205399397
116.63841443754451,40.14381668279928
116.7131890288729,40.33194584377164
116.64204466977148,39.65624819103503
116.6682144652103,39.89719152270155
114.54561160958328,38.04325613649811
116.3220680674562,39.762286430768924
116.15022761323047,39.90605900231783
116.64513322377586,40.30366271082582
116.17058896524185,39.76339606819249
116.3342800817116,40.41691762312666
117.10603725212415,40.150777791822
116.6795407502329,40.375274921895866
116.11273431751611,39.96202426132661
116.5268890000058,40.21781170719753
116.84703178884041,40.39435767383429
116.67300647595331,40.138327809330185
116.59899355786686,40.047587242853815
116.4133836971231,39.91092454729957
116.22173021656928,40.130425065383136
116.50815591656185,39.80769625127198
116.21795796224123,40.222069328131965
116.679296010445,40.3711415531211
116.6394746177074,40.333056210894256
116.65576700508078,40.13950108911008
116.67963255705601,39.88805673053098
116.34198601586785,39.85622671380901
116.11171905262873,39.911152703053276
116.19591974333441,39.92388870834631
116.4133836971231,39.91092454729957
116.6782047004479,40.13274843529265
116.4133836971231,39.91092454729957
116.48990297741292,39.79829610601865
116.34869447158579,39.807031526517505
116.66458953298591,40.144409378831476
115.41452905480229,37.36406940272302
116.73226499553006,39.83889305568233
116.18150220939093,39.90062637088878
116.40601229193877,39.95087111515458
116.48727597277956,39.793877387920645
116.86109296498807,40.397730325000275
116.11526933566529,39.9108023058635
116.842701417299,40.386838790773616
116.30621890402143,39.870290445103024
115.99196989763784,39.694704377835905
116.67579104337317,40.039208066752636
116.17694503490505,39.93805342626825
116.07737620416843,39.663553451451634
116.65229397631808,40.324727561715946
116.21353587370727,39.772013187948644
116.44154970706627,40.074520504731524
116.11977972763088,39.91873426076333
116.6606839701202,40.145057084773434
116.842701417299,40.386838790773616
116.64203272230816,40.344979242225314
116.17192699129896,39.77437208388243
116.2279756856274,40.23382744772882
116.07247334252553,39.6606812250671
116.31570626783454,39.84827631786753
114.54561160958328,38.04325613649811
116.19705681844893,39.91693382289749
116.4133836971231,39.91092454729957
117.27671098715355,40.654390009290225
116.35023326892441,39.726920708441476
116.34097102047213,39.74118609398636
116.82218438894276,40.37529518992273
116.10137183078152,39.944533011625964
116.67058176972078,40.09145901336364
116.64679203473058,40.32502115391691
116.17184749126132,39.768124356702735
116.82401154235006,40.37878209224441
116.11171905262873,39.911152703053276
116.56425320921836,39.965653527887284
116.38768847648512,39.84508680051877
116.6955335527187,40.289051416315004
116.19292640971408,39.744468129196896
116.8397699769283,40.370921138603784
116.0731019767214,39.66371008837429
116.61757258191588,39.928731121467926
116.63466895272067,40.339378029546324
116.4133836971231,39.91092454729957
116.85764993962944,40.41951019531353
116.85158898252308,40.40609301522951
116.37796072611758,39.74487694219759
116.18150220939093,39.90062637088878
116.63466895272067,40.339378029546324
116.28919897901557,39.84356306963942
116.68349500125728,40.296661014552974
116.84743282594481,40.389681987260424
116.55252039437542,39.923694162267395
116.2355227993695,39.9070044793671
116.23611029117303,39.9075600949336
116.07247334252553,39.6606812250671
116.24634702144256,39.86855905492878
116.68541414114878,39.94131357016866
116.37648516948687,39.740759157761076
116.84647343863355,40.36545401676192
116.46531869119914,39.8910054937465
116.11583940034193,39.944229045460226
116.85764993962944,40.41951019531353
116.71892695531788,40.32893900833407
116.83535821890769,40.37782349219975
116.58632691119287,39.91809220137337
116.67285331486386,39.89603472540973
116.67680478114114,40.03682734021231
116.81690073559416,40.343339242485534
116.87407258130176,40.37700901830585
116.48915998892565,39.788316111324896
116.85764993962944,40.41951019531353
116.29508925807505,39.79016278234353
116.85158898252308,40.40609301522951
116.54391880637232,39.749493966812956
116.67021220683395,40.117911113851726
116.05090403909487,40.491433020802624
116.85788700245352,40.47856002911324
116.85306103576227,40.48214210038622
116.35432064882536,39.87901712451023
117.27671098715355,40.654390009290225
116.54423842347276,40.110323270962354
116.43067976124277,40.06775161460828
116.56007519029149,40.11794214988883
116.34923740743605,39.79732063789081
116.49835693056734,39.81002003486646
116.17612638989701,39.7308207633527
116.26551901695869,40.226550054464006
116.8387539933965,40.466084008173105
116.20948002432974,39.92136309934227
116.16259099196432,39.80949105888888
116.58336465894315,39.90937053580833
116.25562903261604,39.92535710684535
116.18054479537838,39.89985765860721
116.64513322377586,40.30366271082582
116.19996696897907,39.72784009402065
116.64353630607077,40.32214465120811
116.24703772854916,39.84107360340607
116.29403788130615,39.845276952870826
116.42330143910601,40.12519412160246
117.27671098715355,40.654390009290225
116.48910689907,39.79994620018408
116.66697803750641,40.13904203901944
116.17192699129896,39.77437208388243
116.4334505149786,40.107960973740184
116.07589391024644,39.6777720702656
116.33343621351551,39.79751383393624
116.34858613594129,39.99334733349332
116.67058176972078,40.09145901336364
116.31906009145605,39.63569270282786
116.2001530080502,39.73992407222861
116.24931196860877,40.23308055506824
116.6220979755835,39.934291105274895
116.83930546314907,40.378800710370506
116.31834656738948,39.75430337383165
116.18054479537838,39.89985765860721
117.27671098715355,40.654390009290225
116.43032007971658,39.870013973871714
116.85158898252308,40.40609301522951
116.86109296498807,40.397730325000275
116.85777704985908,40.39235175029413
116.50423948419943,39.80818935174332
116.63632686536987,39.88197769922303
116.86636673697608,40.4006829033951
116.0731019767214,39.66371008837429
116.2355227993695,39.9070044793671
116.17598939830671,39.94074101234216
116.11583940034193,39.944229045460226
116.30252219718679,39.85994436721217
116.12243907126263,39.93647751746364
116.66107850590019,39.957165902548134
116.17694503490505,39.93805342626825
116.71892695531788,40.32893900833407
116.21164224569223,39.76111236552557
116.14438404605751,39.750404658356864
116.3669104005477,39.85477392345923
116.17806421454313,39.773199820738114
116.20064671675848,39.85656423751122
116.21790316560515,40.22628880746736
116.28379899510344,40.203803508359314
116.341531832602,39.74858236164688
116.86378967812904,40.386049294003506
116.56141968414828,39.830806199517106
116.66272995074972,40.139996263999954
116.83161596798368,40.38315611014329
116.50072154016122,39.80528598694745
116.69841100492823,40.11079989857959
115.9603037301056,39.7303462483239
116.8401770889854,40.36925772574637
115.96506421032517,39.742117077574356
116.63466895272067,40.339378029546324
116.13227520431894,39.73774712346141
116.21353587370727,39.772013187948644
116.16534663394673,39.73781172704784
116.63943320582341,40.32365893024225
116.85705076985428,40.38811235243552
116.3342800817116,40.41691762312666
116.4133836971231,39.91092454729957
116.64513322377586,40.30366271082582
116.16655000400787,39.938035058075755
116.333788439106,39.776966366326015
116.54582348354513,40.12605799729349
116.17142223343288,39.7667623087384
116.49052756923405,39.769514523013996
116.19150996158594,39.91738310675415
116.66272995074972,40.139996263999954
116.64297558377145,39.87866323945169
116.44012625215514,40.08296368870586
116.2336357289847,39.90466504655672
116.64513322377586,40.30366271082582
116.06913101721456,39.69192708119229
116.36539495915235,40.04064393344764
116.45906882044405,39.81721176110026
116.8401770889854,40.36925772574637
116.23611029117303,39.9075600949336
116.16529668816037,39.73255364124223
116.63614477884302,40.329149529023574
116.4133836971231,39.91092454729957
116.11526933566529,39.9108023058635
116.33490350573555,39.74437637998908
116.03563859458052,39.61847304854639
116.85764993962944,40.41951019531353
116.16616696653843,39.73608210350678
116.50355767031736,40.14158918288919
116.147727269674,39.73082083271587
116.55787101806163,39.96965909969526
116.32356949528558,39.903923778112734
116.64987591754635,40.33548223470536
116.21236286637236,39.89745660489347
116.4133836971231,39.91092454729957
116.35368940954348,39.767179584831375
116.11207226635528,39.93263921643143
116.34071823730162,39.82273341515804
116.55822737585743,39.95293385981706
116.68945103628006,39.890138060893676
115.99196989763784,39.694704377835905
116.6394746177074,40.333056210894256
116.299638995822,39.902063030016365
116.2148700370507,39.763726217378654
116.19435309852501,39.93900014411874
116.70596296952007,39.881201093752644
116.29153987334401,39.844339619893866
116.8401770889854,40.36925772574637
116.23466662438793,40.23323801736612
116.43438222980896,39.911881213082815
116.07737620416843,39.663553451451634
116.63960298556478,39.908817079693925
116.41689418522554,39.84741727279092
116.64352938911834,40.139166971555575
116.35548548158016,39.732291732082466
116.19435309852501,39.93900014411874
116.21095558096043,39.92286115634888
116.49090099483452,39.97819008433128
116.81926696213803,40.36940614214007
116.07133465046108,39.69278405904731
116.5966515855718,39.77846878135984
116.147727269674,39.73082083271587
116.68134131379708,39.93625560149665
116.16017005861492,39.937986789582965
116.33911377383025,39.768010593772814
116.63432966272957,40.314070737651
116.13176303330343,39.914618044340685
115.9829469577734,40.36778206409007
116.20557176654745,39.92925114870418
116.27936971177114,40.145440489707994
115.9567079928103,39.60799157712996
116.5002169619563,39.81025905999376
116.66143544689388,39.93068377248429
116.40436659624449,39.68852557564289
116.1721329727524,39.939299362263185
116.64513322377586,40.30366271082582
116.64500485591849,39.89782084039338
116.27301807135599,40.12563457752635
116.21100634027019,39.83928950411035
116.17254637294808,39.76266199704321
116.56012073438083,40.09301865044828
116.70042096350682,39.92028909567151
116.32661564926993,39.63228618303499
116.11698025404381,39.964447298514145
116.19591974333441,39.92388870834631
116.50520731855588,39.81506973022025
116.16912499675225,39.76110605627434
116.50259163257192,39.794469200212795
116.48440103582544,39.80302211640445
116.54968242435491,39.7500239626141
116.34775556266678,40.087174155407965
116.84743282594481,40.389681987260424
116.84592274085779,40.361288174956215
116.87206603628412,40.37921601002697
116.85347596307733,40.3794890277834
116.63632686536987,39.88197769922303
116.15606650921478,39.7307633306315
116.22589044545387,39.904402099555995
116.11583940034193,39.944229045460226
116.20948002432974,39.92136309934227
116.37540280117793,39.81305670021641
116.48727597277956,39.793877387920645
116.57045196639,39.85746006922962
116.66093495667968,40.13005208030852
116.4133836971231,39.91092454729957
116.83421081327978,40.391166740730384
116.44154970706627,40.074520504731524
116.47534422984327,39.85221029566673
116.37290452372412,39.75531946493103
116.64679203473058,40.32502115391691
116.86704486780556,40.38646056438882
116.33417165623655,39.759948957480994
116.66024460889523,39.9325201261826
116.67413977818472,40.36763378151781
116.07737620416843,39.663553451451634
116.24659297749115,39.90677506436785
116.66720944100578,40.35553410759444
116.05090403909487,40.491433020802624
116.64912358668172,39.884217769795974
116.1704599685706,39.760564082486404
116.86704486780556,40.38646056438882
116.57969696737648,39.96443326380399
116.41716313789524,39.851627154842745
116.2250352622016,39.91516052342874
116.41416342630578,40.12076416258203
116.12401011776902,39.93360859775469
116.64203272230816,40.344979242225314
116.85158898252308,40.40609301522951
116.20951101586981,39.909836058092544
116.27936971177114,40.145440489707994
116.63858897830514,39.90953006869645
116.14737297798088,39.903929451469224
116.39676702146065,39.86865908246709
116.85737029712419,40.371809273774964
116.50515225242813,39.939379646824015
116.16017005861492,39.937986789582965
116.46142238088021,39.91747372407728
116.84592274085779,40.361288174956215
116.33118101753271,40.0809530687648
116.31933398480604,39.7522255196483
116.11526933566529,39.9108023058635
117.10603725212415,40.150777791822
116.64987591754635,40.33548223470536
116.86088608522915,40.38845079702159
116.84592274085779,40.361288174956215
116.82228401102378,40.37735803068757
116.86371835267157,40.38280424274146
116.20992145165731,39.91477279174983
116.66458953298591,40.144409378831476
116.44536714616144,39.78317412438452
116.01902479349569,39.713769589556065
116.33650949632627,39.82177131942679
116.22181313016786,39.77547875225192
116.8389375172122,40.382026445710856
117.10603725212415,40.150777791822
116.30513806283184,39.88520161410079
116.13249497263295,39.74588505975401
116.11977972763088,39.91873426076333
116.65166965398865,40.34258037071378
116.26628338511713,39.90174337529484
116.85788700245352,40.47856002911324
116.67317913027235,39.90486291972303
116.13722904267055,39.74082511250803
116.09730663902666,39.94047679048965
116.41852182497908,40.13338446229324
116.29809004763109,39.8213541692284
116.60350098542429,39.919667110641534
116.12284149978836,39.940470579645655
116.11184777980831,39.948308827254884
116.48422685438706,39.92366557539562
116.37891706216352,40.06880250862506
116.18282244899893,39.900393820772685
116.33650949632627,39.82177131942679
116.68383474040114,40.58046379638685
116.42673898480105,39.68270910253708
116.33579049259608,39.72324449933027
116.56585988262908,39.78649202649478
116.63632686536987,39.88197769922303
116.26325384978472,39.89839299894343
116.4133836971231,39.91092454729957
116.848287889435,40.368368938273605
116.65545134052456,40.18365276917503
116.63888721573444,40.319768203052384
116.18749013425932,39.75171717561614
116.67946978409759,40.3777118504351
116.06913101721456,39.69192708119229
116.13039527333395,39.96763557209011
116.20644240424774,39.9166508313405
116.28871200759859,39.85575507788662
116.13176303330343,39.914618044340685
116.67058176972078,40.09145901336364
116.6352537496077,40.32875530064688
116.84449641136904,40.38461631945644
116.67102400552336,39.87645406361281
116.5002169619563,39.81025905999376
116.67963255705601,39.88805673053098
116.65755103982359,40.191310072050975
116.58691278604648,39.76820165438064
116.64282359047917,40.332464145718845
116.26551901695869,40.226550054464006
116.15453525764248,39.747570400487966
116.15091697287883,39.746900097127345
116.34613897207102,39.842054054971406
116.6409540370518,39.90625514180348
116.21095558096043,39.92286115634888
116.66285759996269,39.9410444409319
116.4750134737545,39.86635474293953
117.10603725212415,40.150777791822
116.88133277626396,40.397288972342295
116.8189890264132,40.37470315489107
116.22276299841411,39.905940418946855
116.65247570352275,40.32650387800364
116.67133203448273,39.87567704900592
116.86501388887804,40.39090166992533
116.62460864965334,40.13834449477078
116.87206603628412,40.37921601002697
116.07742632961588,39.73509992030528
116.05090403909487,40.491433020802624
116.40947508001864,39.822156464138644
116.37695812733791,39.93661492658161
116.59787831157621,39.777100146721786
116.5002169619563,39.81025905999376
116.37540280117793,39.81305670021641
116.84862717942612,40.403471627418924
116.24358724725477,40.218034490768986
116.87341618946562,40.398845781737386
116.85116695859449,40.40343200123935
116.61757258191588,39.928731121467926
116.38850000568284,39.80425130772541
116.23355326453888,39.899006875636886
116.40935623419966,39.70903851176745
116.18448224808971,39.91802648713097
116.14210172124834,39.73756086568381
116.17672618848604,39.76879050036656
116.18349851372574,39.84146909591423
116.2336357289847,39.90466504655672
116.64184785103424,39.909240404844745
116.86701513389319,40.39240986000689
116.6782047004479,40.13274843529265
116.66894029606242,40.14291745982546
116.2355227993695,39.9070044793671
116.38810897329435,39.863660640729336
116.22031834979929,39.813639201294116
116.79836375224302,40.357824344662966
116.316653890317,39.76666310216808
116.07737620416843,39.663553451451634
116.37248744047585,40.080924706981904
116.85606389142104,40.377982401048435
116.19405791533444,39.919520882462265
116.41266289678188,39.70937648647824
116.85777704985908,40.39235175029413
116.43764513233658,39.90365657632371
116.43808952407237,39.917566900694936
116.4133836971231,39.91092454729957
116.86922595358378,40.3953748994029
116.2134059787305,39.76795915428705
116.428141868516,39.870425773000356
116.64032522376972,40.29819102546727
116.11427728352228,39.934602661211095
116.85728962928938,40.39568040747433
116.67578834845659,39.89349341109451
116.0148615966097,39.72124457802407
116.20078298970434,39.93926527068537
116.4546540081847,39.88643250675105
116.13722904267055,39.74082511250803
116.53589846528757,39.92850814274989
116.11502912877191,39.946142640521394
116.3342800817116,40.41691762312666
116.34332601819708,39.90028007088735
116.44154970706627,40.074520504731524
116.45882282526522,39.886559714021814
116.13249497263295,39.74588505975401
116.11994241075874,39.94119117596664
116.64912358668172,39.884217769795974
116.3587400424428,40.071037036251056
116.64597403773321,40.317241557212455
116.15581615146915,39.72635362991566
116.67579104337317,40.039208066752636
116.84769963229314,40.373533433462384
116.14280150124058,39.951141242516634
116.40261454117784,39.91818676059796
116.4295164752892,40.069572912919575
116.85788700245352,40.47856002911324
116.16017005861492,39.937986789582965
116.11526933566529,39.9108023058635
116.480439598357,39.88474007551911
116.17142223343288,39.7667623087384
116.15366021824521,39.75426149285885
116.85764993962944,40.41951019531353
116.37681358998135,39.85380327911096
116.32151318414269,39.767571623762336
116.84486929798624,40.37195610420757
116.13176303330343,39.914618044340685
115.41452905480229,37.36406940272302
116.66889538078688,40.11254076786642
116.135980936995,39.74813577746895
116.36843698093136,39.92934036696799
116.4133836971231,39.91092454729957
116.21987289536808,39.90448403167967
116.438477322561,39.84597918243023
116.26551901695869,40.226550054464006
116.66510695695965,39.94667809175178
116.24360763878984,40.221475731712616
116.22589044545387,39.904402099555995
116.17416790422415,39.765879774229774
116.25340096545963,39.92102900972553
116.79836375224302,40.357824344662966
116.17192699129896,39.77437208388243
116.07737620416843,39.663553451451634
116.68022013869007,40.37419163844816
116.85576745060274,40.383786402937346
116.6877253913954,39.909075959352506
116.3989217868874,39.856580577077715
116.13176303330343,39.914618044340685
116.71892695531788,40.32893900833407
116.1704599685706,39.760564082486404
116.42191562319576,40.05177727008128
116.33313635913629,39.69218567476521
116.85135290783505,40.401721048121814
116.2250352622016,39.91516052342874
116.19055299672613,39.93664708317953
116.4271403477029,40.0681503433636
116.40713328738468,39.719304260639525
116.85003634544064,40.37713083947093
116.84592274085779,40.361288174956215
116.33898276675129,39.95769675189741
116.64013242415912,39.90476031779818
116.14087598337996,39.95751004601641
116.70869651318694,39.88772815187519
116.64890457979841,40.31962662153784
116.64588380942152,40.3212165760955
116.64080698443979,40.34706570042391
116.4133836971231,39.91092454729957
116.6498908294178,40.340492329121254
116.32164972658022,39.941530145131146
116.26551901695869,40.226550054464006
116.19476065973488,39.739853123124654
117.27671098715355,40.654390009290225
116.21403667902908,39.77461352142407
116.86088608522915,40.38845079702159
116.56041358197709,40.09492418069987
116.4288479366468,39.7912694719563
116.3236033614033,39.73179919309874
116.604848892842,40.134950646309406
116.33376122044905,40.05429926639068
116.68383474040114,40.58046379638685
117.28015913285358,40.65556849088758
116.64588380942152,40.3212165760955
116.15736303355732,39.9414041555659
116.41304449696251,39.86542282284093
116.27156443337972,39.89978438485856
116.17637814352855,39.72851400029572
116.32356949528558,39.903923778112734
116.5002169619563,39.81025905999376
116.13488796868099,39.743477467026246
116.4517368508716,39.96054518031365
116.06913101721456,39.69192708119229
116.64513322377586,40.30366271082582
116.46384816507931,39.88425638747582
116.85764993962944,40.41951019531353
116.40807214786707,40.052543556548436
116.8506297718995,40.41769419004532
116.0731019767214,39.66371008837429
116.6795407502329,40.375274921895866
116.4225174053152,39.676336875479095
115.95904232950848,39.73992753992487
116.46691605805701,39.96329655212714
116.3989217868874,39.856580577077715
116.50783683844469,39.796666622253255
116.4133836971231,39.91092454729957
116.11994241075874,39.94119117596664
116.63152856648836,39.91191561491016
116.26842108273922,39.92696573796655
116.135980936995,39.74813577746895
116.22927786929468,39.78100184409314
116.44154970706627,40.074520504731524
116.1963648537146,39.93180786254685
116.84687719046214,40.360605923703375
116.87326087244293,40.387832294598496
116.48516989551142,39.80042944785495
116.51295376629062,39.9364781398508
116.67827512759987,40.12788722289096
116.66451470413692,40.13883092181242
116.67285331486386,39.89603472540973
116.07133465046108,39.69278405904731
116.17672618848604,39.76879050036656
116.68383474040114,40.58046379638685
116.11427728352228,39.934602661211095
116.63858897830514,39.90953006869645
116.33636540812245,39.87908460678357
116.64080698443979,40.34706570042391
116.41654195963508,40.06567904303554
116.85959701682232,40.390317054230536
116.69761232149935,40.28929982997642
116.18282244899893,39.900393820772685
114.54561160958328,38.04325613649811
116.17586633045187,39.9340419344624
116.48464366814369,39.789895064576356
116.57523903645266,39.92331752526274
116.5002169619563,39.81025905999376
116.15990038730081,39.728089256898976
116.17637814352855,39.72851400029572
116.05090403909487,40.491433020802624
116.47606503018447,39.887848081884435
116.64964442421642,40.14045813437584
116.6955335527187,40.289051416315004
116.8552525418844,40.421058247755006
116.71892695531788,40.32893900833407
116.17142223343288,39.7667623087384
116.65028231095906,39.912285099701315
116.23611029117303,39.9075600949336
116.82218438894276,40.37529518992273
116.17679068682163,39.90112903898086
116.17586633045187,39.9340419344624
116.31962925782715,39.761700024655966
116.48464366814369,39.789895064576356
116.11770823512488,39.94013345958985
116.44081004230934,39.78730009522847
116.31906009145605,39.63569270282786
116.16017005861492,39.937986789582965
116.68404602185707,40.11155787440765
116.69099001327976,39.92485710792502
116.85788700245352,40.47856002911324
116.6647901145902,40.14122687853245
116.11207226635528,39.93263921643143
116.32869432822001,39.740511982938344
116.2336357289847,39.90466504655672
116.07027599741757,39.69611109689042
116.421598072198,39.876355431838824
116.79836375224302,40.357824344662966
116.84703178884041,40.39435767383429
116.0797513239368,39.71947395128768
116.11583940034193,39.944229045460226
116.87428997123516,40.38647189884666
116.64282359047917,40.332464145718845
116.20951101586981,39.909836058092544
116.1253086183837,39.9306217772864
116.4421386361586,39.86753821184613
116.42199197916412,40.062553086221264
116.85174151479868,40.38647272317077
116.86704486780556,40.38646056438882
116.24659297749115,39.90677506436785
116.63880600891632,40.337986057029546
116.24931196860877,40.23308055506824
116.87097504424227,40.37552205399397
116.19217839071591,39.76728918957609
116.33854748203674,39.71357379764074
116.10827926116993,39.94815809735727
116.67148600404713,39.890417079991686
116.37377857498535,39.80437859081476
117.27671098715355,40.654390009290225
116.5154784539264,39.872221974418224
116.12232265086851,40.21661362164842
116.51295376629062,39.9364781398508
116.68652902811722,40.291460253934176
116.64204466977148,39.65624819103503
116.4906289879261,39.76657048150837
117.10603725212415,40.150777791822
117.10603725212415,40.150777791822
116.17192699129896,39.77437208388243
116.83534088161134,40.37169143816881
116.4477359777913,39.812842071424015
116.18394245630877,39.92072549168867
116.4864454893356,39.92488927009111
116.6409540370518,39.90625514180348
116.2791799980017,39.8748770455404
116.38959297399686,39.773083085490825
116.8740009863526,40.39050904173703
116.64190525275629,39.670355718826755
116.73750400309477,40.21441807463851
116.6353180682822,40.32544765102044
116.07333244827372,39.67436125165375
117.10603725212415,40.150777791822
116.0797513239368,39.71947395128768
116.66697803750641,40.13904203901944
115.96513023578017,40.5264568851876
115.97223664083904,39.729062870177934
116.84647343863355,40.36545401676192
116.3659864933307,39.79934050738182
116.42223335385464,40.135365457642635
116.86102999377184,40.374964030205305
116.16017005861492,39.937986789582965
116.19435309852501,39.93900014411874
116.63523578349749,40.316422013417366
115.90989846048248,39.58495445787599
116.15581615146915,39.72635362991566
116.64098439977802,40.32402767947262
116.23355326453888,39.899006875636886
116.88114296430972,40.39861274684351
116.64605057336266,39.657134431919296
116.27011735303371,40.12615171476214
116.2355227993695,39.9070044793671
116.20948002432974,39.92136309934227
116.06913101721456,39.69192708119229
116.8552525418844,40.421058247755006
116.56585988262908,39.78649202649478
116.8397699769283,40.370921138603784
116.43377666948841,39.85895288820115
116.31561311355316,40.071396130151626
117.03138734560059,40.14701133340791
116.7131890288729,40.33194584377164
116.86347563052277,40.388532127878364
116.0797513239368,39.71947395128768
116.86347563052277,40.388532127878364
116.17058896524185,39.76339606819249
116.13160771628077,39.720116288322565
116.50815591656185,39.80769625127198
116.59143045428672,40.29647508597401
116.15366021824521,39.75426149285885
116.1876038597369,39.73091856533941
116.19405791533444,39.919520882462265
116.43215325177076,39.810077123842575
116.6394746177074,40.333056210894256
116.46994994447589,39.80315949516172
116.85158898252308,40.40609301522951
116.3562793141593,39.728216543264104
116.66146235184459,40.18046585081472
116.50195796786518,39.88258604897747
116.65647397151713,39.900495046940044
116.46145400123415,39.884476051065604
116.86636673697608,40.4006829033951
116.84769963229314,40.373533433462384
116.19591974333441,39.92388870834631
116.67021166785068,39.91117124326885
116.14937260604609,39.73173600413417
116.67354599824263,40.11650799418501
116.63758979308638,40.35903736539858
116.44403747434556,39.94602647802329
115.96323364335693,39.68652769364335
116.31511536247007,39.76250835969561
116.3527898464058,39.87490601277932
116.83930546314907,40.378800710370506
116.1780758026842,39.93626549056888
116.10087670668509,39.95557650090359
116.70288196128195,40.29897706499982
116.63718196238483,40.13350699195742
116.66629047446906,40.144340574790384
116.15514412911713,39.74986419458868
116.44081004230934,39.78730009522847
116.17694503490505,39.93805342626825
116.31962925782715,39.761700024655966
116.86996058782984,40.37689387130139
116.71892695531788,40.32893900833407
116.43845279882059,40.076108206686506
116.42809066510188,39.81428134615685
116.19292640971408,39.744468129196896
116.35544307002584,39.882323242426466
115.94871900258781,39.60082626931879
116.42305898644886,39.81603905602292
116.11813043871456,39.93573106367722
116.42796849555256,40.08221967590581
116.18054479537838,39.89985765860721
116.19292640971408,39.744468129196896
116.63586073464077,40.33986252185668
116.33533774661908,40.01735786671132
116.09413382396542,39.936572742634354
116.62511915667466,40.29683600568565
116.07114798257612,39.679643108811305
116.48516989551142,39.80042944785495
117.10603725212415,40.150777791822
116.13410078356262,40.25164630665585
116.14280150124058,39.951141242516634
116.34383400996296,39.799749061314074
116.5268890000058,40.21781170719753
116.59143045428672,40.29647508597401
116.44112597635721,39.81362208935671
116.204256018467,39.91863804216565
116.69303374814552,39.88446089471593
116.82622487729608,40.37491263846726
116.18150220939093,39.90062637088878
116.62748951542385,39.92501176284658
116.47296497786957,39.91235047360328
116.26654308524006,39.89533086710959
116.34634890606873,40.09708678440699
116.11327518726368,39.945241269637656
116.39676702146065,39.86865908246709
116.64193202226049,40.31288000835479
117.13264182742986,40.547671652230065
116.4815699361802,39.9383556485123
116.4961616398841,39.91714046554847
116.2364833574513,40.223932167680594
116.2409530561773,39.85165048888044
116.67413977818472,40.36763378151781
116.67084398509914,40.12035008902483
116.18749013425932,39.75171717561614
116.11171905262873,39.911152703053276
116.19898700749823,39.93969836383818
116.66685344253216,39.9223930257293
116.09413382396542,39.936572742634354
116.12401011776902,39.93360859775469
116.34857832068336,39.820549855985924
116.51049348715988,39.902272257747434
116.4133836971231,39.91092454729957
116.13488796868099,39.743477467026246
116.15990038730081,39.728089256898976
116.87407258130176,40.37700901830585
116.10707490297271,39.94189234654157
116.33650949632627,39.82177131942679
116.69723018233536,39.89636665448442
116.3562793141593,39.728216543264104
116.32841199079823,39.678398555249
116.67680478114114,40.03682734021231
116.48464366814369,39.789895064576356
116.11526933566529,39.9108023058635
116.86704486780556,40.38646056438882
116.65129829449086,39.923455306848176
116.62721571190437,39.66462948990371
116.59143045428672,40.29647508597401
116.59224539704536,39.774732888162006
116.01583212588268,39.72166345014553
116.42389764447296,39.866835097008384
116.11207226635528,39.93263921643143
116.66194617919226,40.18394050219339
116.41027996175556,39.72342708314901
116.67579104337317,40.039208066752636
116.8740009863526,40.39050904173703
116.85158898252308,40.40609301522951
116.86873700589469,40.39947469030078
116.48440103582544,39.80302211640445
116.63670130420509,40.31243094616312
116.5936253739698,39.808497251929744
116.50815591656185,39.80769625127198
116.85101227038568,40.474875684427204
116.8387539933965,40.466084008173105
116.2134059787305,39.76795915428705
116.10955701092732,39.94744807206647
116.29606948904751,39.85017959798714
116.1002596387296,39.940050824803855
116.3351550312783,39.777127110718006
116.64992119214405,39.905802671025704
116.1253086183837,39.9306217772864
116.85779995664959,40.3975669987574
116.37248744047585,40.080924706981904
116.64032522376972,40.29819102546727
116.64013242415912,39.90476031779818
116.07889371166642,39.65188139696359
116.67729543561069,39.885892497385846
116.19334798448988,39.74499830266864
116.54298699406681,39.85775708479542
116.31962925782715,39.761700024655966
116.42389764447296,39.866835097008384
116.60350098542429,39.919667110641534
116.85764993962944,40.41951019531353
116.11191946458806,39.93814812239088
116.19435309852501,39.93900014411874
116.41774676698505,39.868863567371655
116.63632686536987,39.88197769922303
116.3342800817116,40.41691762312666
116.65046933816623,40.342629587658436
116.66107850590019,39.957165902548134
116.50494124046381,39.77240346610961
116.32227368958743,39.51871478315692
116.11171905262873,39.911152703053276
116.85728962928938,40.39568040747433
116.12284149978836,39.940470579645655
116.8397699769283,40.370921138603784
116.81438089880814,40.36771390087248
116.14717606941306,39.90586002566867
116.14280150124058,39.951141242516634
116.86996058782984,40.37689387130139
116.36843698093136,39.92934036696799
116.84703178884041,40.39435767383429
116.6022827933222,40.05596897059378
116.79836375224302,40.357824344662966
116.19387915253792,39.77896652919488
116.09770916972569,39.95362571391015
116.47997355745841,39.993390173106214
116.83727565201876,40.469265117319964
116.63833125445429,40.14388079929007
116.62192792635048,39.91012108428066
116.52638576925912,39.784269907203296
116.06913101721456,39.69192708119229
116.4304948899688,40.13587755581321
116.46151634363652,39.804523195756566
116.64352938911834,40.139166971555575
116.30621890402143,39.870290445103024
116.32478571111557,39.827919659306666
116.66267012360277,40.186692162655376
116.86981182843736,40.38178462744285
116.34822735272058,39.73003751005644
116.65469388931857,39.91881145689414
116.66954018448195,40.093747020708925
116.66718500709591,40.35351856538982
116.22409644311311,39.80588643043943
116.17612638989701,39.7308207633527
116.37296461336494,39.873306731566785
115.98111998402719,39.72089188543143
116.13176303330343,39.914618044340685
114.54561160958328,38.04325613649811
116.15335964522156,39.74816289159153
116.34383400996296,39.799749061314074
116.25837416442396,39.84194318529085
116.37550026732576,39.80895972315765
116.45187518992014,40.01407626068412
116.65495296062763,40.137785047622316
116.08532953166213,39.71907067515453
116.20078298970434,39.93926527068537
116.56459797887312,39.92898010428299
116.31817499103708,40.213890044529144
116.47075182258459,40.674644179745314
116.66720944100578,40.35553410759444
116.56091519577387,40.114323251736046
116.64597403773321,40.317241557212455
116.86701513389319,40.39240986000689
116.14967246042532,39.759655953023135
116.67838517002485,40.21408928736749
116.34835811525387,40.03890545311936
116.65247570352275,40.32650387800364
116.19898700749823,39.93969836383818
116.11273431751611,39.96202426132661
116.39060913718971,39.84116861599895
116.48990297741292,39.79829610601865
116.59224539704536,39.774732888162006
116.2355227993695,39.9070044793671
116.86981182843736,40.38178462744285
116.83714800280576,40.37150606138387
116.5352090158087,40.01753703841508
115.16395239211865,38.69848033897614
116.4133836971231,39.91092454729957
116.14854841074069,39.73338618109605
116.54423842347276,40.110323270962354
116.38614464863569,39.995715079732825
116.33017331132928,39.73656481082026
116.11264808018714,39.95273598838744
116.26293602929528,39.935158043835244
116.19943005177576,39.937726844488
116.17806421454313,39.773199820738114
116.68212912772934,39.946588550550146
116.63887230386295,40.344721205616004
116.48138993426106,39.87897356153191
116.94440226713621,40.1536985203656
116.66431495443544,40.209917521798296
116.63718196238483,40.13350699195742
116.36807487398028,39.8547759313403
116.20644240424774,39.9166508313405
116.62511915667466,40.29683600568565
116.56679541381163,40.07484355534475
116.17598939830671,39.94074101234216
116.69841100492823,40.11079989857959
116.6383858714293,40.32261840426579
116.42182803840856,39.987720045817596
116.85158898252308,40.40609301522951
116.1324939844969,39.967941092339565
116.66194617919226,40.18394050219339
116.68189404117737,39.9075480569904
116.45342297031384,39.97132149217509
116.24304287411572,40.218246048395144
115.93227022022518,40.01727152705485
116.0797513239368,39.71947395128768
116.07737620416843,39.663553451451634
116.22928065404177,39.8982642308228
116.19591974333441,39.92388870834631
116.58800983291901,39.96386189104443
116.11264808018714,39.95273598838744
116.38824066488212,39.94790164833561
116.65374716514158,40.33580540917272
116.64137516267486,40.33038733878989
116.726597496237,40.083895659788276
116.6385637359203,40.11958441866658
116.86337942200264,40.39134313346911
116.14280150124058,39.951141242516634
116.84365380080068,40.38896900477307
116.54968242435491,39.7500239626141
116.57550915691952,39.91922655752367
116.22181313016786,39.77547875225192
116.6394746177074,40.333056210894256
116.43696628286268,39.866110514927456
116.24643694182407,40.232304736312216
116.64597978688845,40.32825340207588
116.85158898252308,40.40609301522951
116.45306858879015,39.91090088768393
116.31817499103708,40.213890044529144
116.84703178884041,40.39435767383429
116.05090403909487,40.491433020802624
116.84769963229314,40.373533433462384
116.6555017354637,39.87667409847264
116.01904796977784,40.01335304126759
116.21152896936745,39.768434586764435
116.10202570736223,39.961900452781464
116.17806403488206,40.055980084788814
116.4156024219022,40.05516729405512
116.5352090158087,40.01753703841508
116.30572537497429,39.82440148199817
116.87428997123516,40.38647189884666
116.18282262866005,39.756185009529965
116.13448606679584,39.91139766870257
116.726597496237,40.083895659788276
116.11583940034193,39.944229045460226
116.68383474040114,40.58046379638685
116.39839241545036,39.86623096762798
116.2355227993695,39.9070044793671
116.61863276207876,40.129113988557464
116.5817725022573,39.91406110293895
116.23211040622877,40.2242566374842
116.36843698093136,39.92934036696799
115.90989846048248,39.58495445787599
116.13249497263295,39.74588505975401
116.13039527333395,39.96763557209011
116.1019798039507,39.96022932638976
116.65863412677696,40.1193222735393
116.10137183078152,39.944533011625964
116.17694503490505,39.93805342626825
117.27671098715355,40.654390009290225
116.40440701999245,39.8444280493908
116.63718196238483,40.13350699195742
116.1948297394286,39.775683516860106
116.32941432008627,39.63352275218329
116.21403667902908,39.77461352142407
116.15668858578043,39.73076527280161
116.22368762427556,39.76509914111487
116.51283734589651,39.90614700571261
116.00169800732759,39.80277807702552
117.15624282843241,40.6963399898994
116.69958940209624,39.94019334381542
116.35390787744352,39.7269946537474
116.17586633045187,39.9340419344624
116.22589044545387,39.904402099555995
116.0709369706118,39.67714509363082
116.64065199299,39.658587373851645
116.68897322757931,39.937424714979855
116.64119101004532,40.31949700439593
116.67354599824263,40.11650799418501
116.6437492943072,40.31875347161611
116.83535821890769,40.37782349219975
116.50780458927687,39.81125214846453
116.67413977818472,40.36763378151781
116.4133836971231,39.91092454729957
116.61035173273504,39.888396587702175
116.16017005861492,39.937986789582965
116.2355227993695,39.9070044793671
116.87003164379568,40.38488210214758
116.12129534868731,39.96426162460338
116.48324545004787,39.806620239395215
116.2355227993695,39.9070044793671
116.48324545004787,39.806620239395215
116.1704599685706,39.760564082486404
116.50780458927687,39.81125214846453
115.9829469577734,40.36778206409007
116.48934602799677,39.93169105308722
116.40107116248113,39.86400892712814
116.1733069682234,39.76960110850997
116.341531832602,39.74858236164688
116.07957848995669,39.716058065493534
116.6582496520187,39.92371136405222
116.43472195637658,39.79350005293065
116.6409540370518,39.90625514180348
117.13264182742986,40.547671652230065
116.22075465678545,39.76814875920781
116.5002169619563,39.81025905999376
116.38380402379886,39.84367407518063
116.07257041760504,39.71525541402587
116.47996293153727,39.91151073184012
116.0797513239368,39.71947395128768
117.24977813428276,40.20503883755818
116.19461890712542,39.92560292043046
116.20754821833052,39.90771077659417
115.96323364335693,39.68652769364335
116.694981656271,39.92127535774594
116.67963255705601,39.88805673053098
116.13227520431894,39.73774712346141
116.12401011776902,39.93360859775469
116.4133836971231,39.91092454729957
116.3255994521121,39.67508587434274
116.2250352622016,39.91516052342874
116.34097102047213,39.74118609398636
116.11273431751611,39.96202426132661
116.66624034902159,40.14219885877206
116.50225261039265,39.630158926560796
116.11427728352228,39.934602661211095
116.12144150299379,39.939220114877465
116.6553458794577,40.18033913441057
116.52036200200087,39.92289705453005
116.73750400309477,40.21441807463851
116.88133277626396,40.397288972342295
116.8401770889854,40.36925772574637
116.59878586963295,39.907645467412244
116.19591974333441,39.92388870834631
115.96395435386759,39.72885484439557
116.83571996653654,40.3842200134497
116.34166702758124,39.759566096222045
116.11171905262873,39.911152703053276
116.37290452372412,39.75531946493103
116.66889538078688,40.11254076786642
116.53730898459936,39.984046074108406
116.36203996773371,39.862281946310674
116.30988264304388,39.89408989431313
116.26453636056131,39.85850910302878
116.2118720322417,40.13332502463817
116.58800983291901,39.96386189104443
116.11491136091958,39.913586893241046
116.18833121770832,39.73576326484593
116.64513322377586,40.30366271082582
116.23355326453888,39.899006875636886
116.31570626783454,39.84827631786753
116.8387539933965,40.466084008173105
116.84687719046214,40.360605923703375
116.66156898070862,40.1268670388764
116.52638576925912,39.784269907203296
116.15236252610548,39.762527356389974
116.42401083096723,40.12278283822037
116.21781378420691,39.92252562156472
116.33898276675129,39.95769675189741
116.66547858594916,39.899731730114105
116.36864116577377,39.86967949340442
116.55427698754677,40.109546312445886
116.19055299672613,39.93664708317953
116.45803496063263,39.87545908740894
116.64988804467072,40.14587803190722
116.66832163305769,39.91171907668445
116.58071861023295,39.92865110096382
116.64184003577627,40.341533127286866
116.43314300478168,39.850598095056846
116.4421386361586,39.86753821184613
116.696933561856,39.87110898441399
116.34007460140371,39.89965236736705
116.10795856610287,39.93650815273648
116.18818506340185,39.72653218212008
116.35548548158016,39.732291732082466
116.19898700749823,39.93969836383818
116.5002169619563,39.81025905999376
116.07742632961588,39.73509992030528
116.2355227993695,39.9070044793671
116.87097504424227,40.37552205399397
116.23611029117303,39.9075600949336
116.67680478114114,40.03682734021231
116.83879729172207,40.36801912312636
116.52036200200087,39.92289705453005
116.63466895272067,40.339378029546324
116.81727577814459,40.37584139375639
116.32804787637687,39.628176017874615
116.23355326453888,39.899006875636886
116.50259163257192,39.794469200212795
116.83535821890769,40.37782349219975
116.20644240424774,39.9166508313405
116.11977972763088,39.91873426076333
116.26628338511713,39.90174337529484
116.34923740743605,39.79732063789081
116.07451420281365,39.67990112403047
116.06913101721456,39.69192708119229
116.63264363311787,40.031529201430644
116.15606650921478,39.7307633306315
116.87326087244293,40.387832294598496
116.68383474040114,40.58046379638685
116.33070662239292,40.074769021266434
116.3179536485594,39.524963144495885
116.29931147363304,39.83923946043793
116.6383858714293,40.32261840426579
116.32223899136034,40.0904138121986
116.67285331486386,39.89603472540973
116.5737977052619,39.8052623598799
116.41965773229643,40.53778175122725
116.3517009204666,39.723631656917156
116.83727565201876,40.469265117319964
116.07114798257612,39.679643108811305
116.41433302638605,39.821155429719006
116.37838014496019,39.875184713672425
116.15907897674249,39.76311306209706
116.37648516948687,39.740759157761076
116.34198601586785,39.85622671380901
116.34934430579172,39.79163060274426
116.29644057905371,39.8492908717392
116.31834656738948,39.75430337383165
116.63858897830514,39.90953006869645
116.20372296397737,39.939787360923354
116.33607175205124,39.93109330917282
116.64862341017378,40.32957861241627
116.07247334252553,39.6606812250671
116.18079155990196,39.77898545199739
116.58737074219549,39.92292949429596
116.09770916972569,39.95362571391015
116.87206603628412,40.37921601002697
116.15581615146915,39.72635362991566
116.86704486780556,40.38646056438882
116.07737620416843,39.663553451451634
116.1501388606461,39.9049496793143
116.6517119641782,40.29720249506835
116.64513322377586,40.30366271082582
116.6836386403083,40.12469828630032
116.29644057905371,39.8492908717392
116.19390735933096,39.93658525951325
115.95384985416916,39.60819017235344
116.13708297819464,39.73903605878258
116.44639525681762,40.06834760176031
116.41581621861357,40.083366053927726
115.9829469577734,40.36778206409007
116.21781378420691,39.92252562156472
116.694981656271,39.92127535774594
116.66346090194318,40.35599566625544
116.24491772754558,40.219836703521
115.9567079928103,39.60799157712996
116.11526933566529,39.9108023058635
116.34483400365669,39.78059608904561
116.13708297819464,39.73903605878258
116.43696628286268,39.866110514927456
116.06913101721456,39.69192708119229
116.29508925807505,39.79016278234353
116.67084398509914,40.12035008902483
116.35132093723587,39.73452361543801
116.41620527472992,40.00013299779502
116.42773897849476,40.13578605828357
116.79836375224302,40.357824344662966
116.67579104337317,40.039208066752636
116.21622135802937,39.90785391694392
116.63869192411656,40.11644619665892
116.32608798461337,40.00738704985845
116.842701417299,40.386838790773616
116.53983097731863,39.860296064976936
116.8387539933965,40.466084008173105
116.23611029117303,39.9075600949336
116.31933398480604,39.7522255196483
116.85306103576227,40.48214210038622
116.842701417299,40.386838790773616
116.5181639382485,39.92420860474176
116.64988804467072,40.14587803190722
116.62511915667466,40.29683600568565
116.17672618848604,39.76879050036656
116.6795407502329,40.375274921895866
116.67579104337317,40.039208066752636
116.40716203316099,40.05437506565578
116.19055299672613,39.93664708317953
116.34822735272058,39.73003751005644
116.84862717942612,40.403471627418924
116.0661517869907,39.72168183384171
116.40935623419966,39.70903851176745
116.65402240601273,39.90301114975028
116.55427698754677,40.109546312445886
116.65465077065409,40.128708103298
116.12768598391584,39.72529708244907
116.1055795836208,39.94627415282393
116.83535821890769,40.37782349219975
116.20754821833052,39.90771077659417
116.83727565201876,40.469265117319964
116.47460986508888,39.89785439922709
116.65802067394421,39.908018296210024
116.66272995074972,40.139996263999954
116.42191562319576,40.05177727008128
116.4133836971231,39.91092454729957
116.84647343863355,40.36545401676192
116.42803865216186,40.041773764244454
116.86347563052277,40.388532127878364
116.67102400552336,39.87645406361281
116.29943094826588,39.821098003660154
116.2987327852235,39.86786418828989
116.43067976124277,40.06775161460828
116.2867539710785,39.84735509096793
116.12129534868731,39.96426162460338
116.4550133303887,39.85094984110107
116.10151654779919,39.94829168001734
116.67285331486386,39.89603472540973
116.4250109144915,40.112455239460495
116.01583212588268,39.72166345014553
116.66169749950828,39.88276777103254
116.54798597439928,39.763889072825904
116.24634702144256,39.86855905492878
116.6548500148162,40.18975132967455
116.71473052112802,40.331909818921595
116.6523253271804,40.331420800289656
116.64766491819462,40.336947266047495
116.4111900350677,39.97366775250335
116.84844398708519,40.3796096834829
116.38675136417713,39.85108915418955
116.52590293004751,39.911805689165135
116.13722904267055,39.74082511250803
116.10137183078152,39.944533011625964
116.67651858100568,39.88046026159239
116.19033390001226,40.19137421223453
116.07027599741757,39.69611109689042
116.11273431751611,39.96202426132661
116.68212912772934,39.946588550550146
116.412833934151,39.82090016393626
116.67521853320349,40.133520188326905
116.07257041760504,39.71525541402587
116.68258187370635,40.28984047563657
116.14719511348991,39.74447360779273
116.66889538078688,40.11254076786642
116.65545134052456,40.18365276917503
116.10151654779919,39.94829168001734
116.11516908477036,39.94232915693557
116.48818218337804,39.801480953578704
116.13409997508764,39.915262073483184
116.66146235184459,40.18046585081472
116.37540280117793,39.81305670021641
116.20992145165731,39.91477279174983
116.11526933566529,39.9108023058635
116.07257041760504,39.71525541402587
116.01483967795528,39.719166828943465
116.48990297741292,39.79829610601865
116.44296588570272,39.760805638176436
116.315596135579,39.987002556891305
116.4225174053152,39.676336875479095
116.68258187370635,40.28984047563657
116.41511284539922,39.86103614744897
116.11207226635528,39.93263921643143
116.17529096577272,39.901343182070015
116.67838517002485,40.21408928736749
116.86701513389319,40.39240986000689
116.40635158192987,40.05245720767015
116.15581615146915,39.72635362991566
116.64303365911488,40.340667337471
116.17529096577272,39.901343182070015
116.57264796403969,39.860393058469974
116.38614464863569,39.995715079732825
115.9829469577734,40.36778206409007
116.61872411974913,39.93188732606085
116.6955335527187,40.289051416315004
116.50515225242813,39.939379646824015
116.68084275423904,40.29090792672639
116.38235092480595,39.9163958543156
116.8401770889854,40.36925772574637
116.65059575165219,40.13586891412161
116.67372998665293,39.888857554881625
116.36843698093136,39.92934036696799
116.3351550312783,39.777127110718006
116.14717606941306,39.90586002566867
116.37346102398756,39.75042906719188
116.37347315111195,39.85118927664072
116.22589044545387,39.904402099555995
116.67827512759987,40.12788722289096
116.37739641059622,39.85353214151716
116.67329824558296,40.011846827419106
116.37796072611758,39.74487694219759
116.6782047004479,40.13274843529265
116.70720406841265,39.7257332024706
116.4497639923106,39.81254506784597
116.36023428382809,39.96159137976553
116.64137004233343,39.91398410894172
116.88114296430972,40.39861274684351
116.10477784595317,39.947335368956224
116.4133836971231,39.91092454729957
116.86922595358378,40.3953748994029
116.65495296062763,40.137785047622316
116.34690235209341,39.80321792931229
116.67946978409759,40.3777118504351
116.33579049259608,39.72324449933027
116.13227520431894,39.73774712346141
117.15624282843241,40.6963399898994
116.6352537496077,40.32875530064688
116.63670130420509,40.31243094616312
116.11813043871456,39.93573106367722
116.67407033916878,40.20943740191132
116.20948002432974,39.92136309934227
116.39289496539041,39.86424305544489
116.20644240424774,39.9166508313405
116.24075147642088,39.92657841948321
116.10137183078152,39.944533011625964
116.20948002432974,39.92136309934227
116.6498908294178,40.340492329121254
116.2241571685656,39.81462787602173
116.68253803639747,40.37064602455777
116.10955701092732,39.94744807206647
116.316653890317,39.76666310216808
116.37589013191707,40.06911965095603
116.63943320582341,40.32365893024225
116.41462569432119,39.864420693364345
116.07853573692071,39.65047126966165
116.24521776158592,40.217648217330996
116.20078298970434,39.93926527068537
116.19435309852501,39.93900014411874
116.44120799165024,39.76663405423517
116.52365366288107,39.917969419447886
116.86996058782984,40.37689387130139
116.34934430579172,39.79163060274426
116.25773699632576,39.91704906673818
116.32151318414269,39.767571623762336
116.86996058782984,40.37689387130139
116.37438106849086,39.859946305708775
116.68212912772934,39.946588550550146
116.60295140211329,39.901685463661735
116.36450096550881,39.745783326339286
116.11583940034193,39.944229045460226
116.42110301603144,39.9841404032627
116.15990038730081,39.728089256898976
116.19390735933096,39.93658525951325
116.3135038023852,39.9200216815422
116.5094250425863,39.97124407926839
116.64353630607077,40.32214465120811
116.51936299644319,39.79424370231706
116.85116695859449,40.40343200123935
116.23547042815828,40.2990809280586
116.58476897994692,39.93558507754611
116.54557600037712,40.095086036868814
116.20372296397737,39.939787360923354
116.63390027269578,40.33022783559419
116.85777704985908,40.39235175029413
116.4133836971231,39.91092454729957
116.4826016400584,39.92805118624713
115.95384985416916,39.60819017235344
116.37540280117793,39.81305670021641
116.11184777980831,39.948308827254884
116.22980499496795,40.22354021267946
116.63637663149515,39.91023730820843
116.56007519029149,40.11794214988883
116.41939919997068,39.845343291403324
116.65306103939308,39.909035072759025
116.64652802274121,40.328916113653534
116.38178750759009,40.08674497155083
116.10385609466937,39.949549501363116
116.10385609466937,39.949549501363116
116.43733898981878,40.10781405729852
116.85465355177037,40.376494565236456
116.42400103943716,39.85055405743201
116.67963255705601,39.88805673053098
116.81727577814459,40.37584139375639
116.65235003058191,39.87694106022701
116.70840124016581,39.87643219159667
114.54561160958328,38.04325613649811
116.26249532061209,40.12831600726676
116.41581621861357,40.083366053927726
116.31793235871882,39.82916183895063
116.14737297798088,39.903929451469224
116.85394245312868,40.37408411300298
117.10603725212415,40.150777791822
116.25737219445814,39.90536527974394
116.66631418973455,39.928240691814366
116.67084398509914,40.12035008902483
117.27671098715355,40.654390009290225
116.83535821890769,40.37782349219975
115.90989846048248,39.58495445787599
116.11813043871456,39.93573106367722
115.96506421032517,39.742117077574356
116.13376992309973,39.733780928874424
116.19471799022315,39.926777058809854
116.42330143910601,40.12519412160246
116.62721571190437,39.66462948990371
116.12144150299379,39.939220114877465
117.03138734560059,40.14701133340791
116.14280150124058,39.951141242516634
116.13488796868099,39.743477467026246
116.11526933566529,39.9108023058635
116.69830302860592,39.892548092111724
116.66433504303494,40.191263844233106
116.21027906708085,39.9383312377752
116.86701513389319,40.39240986000689
116.19591974333441,39.92388870834631
116.22589044545387,39.904402099555995
116.64588380942152,40.3212165760955
116.6459675699335,40.33171780064381
116.64145547118747,40.31766776003285
116.65969475609259,39.90180924366344
116.16017005861492,39.937986789582965
116.60350098542429,39.919667110641534
116.41820903500047,40.063310637385314
116.5737977052619,39.8052623598799
116.83187336935178,40.38886895068197
116.3601758041394,39.74396076771149
116.6353180682822,40.32544765102044
116.6921314900913,39.88663417004858
116.85306103576227,40.48214210038622
116.61313378489945,39.905551873616645
116.6369763402536,40.30086831042365
116.63841443754451,40.14381668279928
116.57478036165926,39.78741937048011
116.17598939830671,39.94074101234216
116.67084398509914,40.12035008902483
116.88133277626396,40.397288972342295
116.64269558194398,40.143654460910966
116.64282359047917,40.332464145718845
116.64643594642644,39.896291647097065
116.07911334736364,39.65736808985407
116.66504398574341,40.14801508109512
116.64597403773321,40.317241557212455
116.12284149978836,39.940470579645655
116.67021220683395,40.117911113851726
116.48915998892565,39.788316111324896
116.82228401102378,40.37735803068757
116.67003254573194,40.191116755510336
116.68541414114878,39.94131357016866
116.39336459951105,40.090910492754055
116.64261518360084,40.121622370901925
116.65374716514158,40.33580540917272
116.23355326453888,39.899006875636886
116.59414163014635,39.82287029224355
116.52036200200087,39.92289705453005
116.65863412677696,40.1193222735393
116.6032739836219,40.049671070131204
116.1253086183837,39.9306217772864
116.18605455222384,39.755927073810035
116.13176303330343,39.914618044340685
116.17072101615182,39.80979507335094
116.85306103576227,40.48214210038622
116.67604176044098,40.37626179590687
116.1948297394286,39.775683516860106
117.27671098715355,40.654390009290225
116.20557176654745,39.92925114870418
116.65863412677696,40.1193222735393
115.90338987774048,39.58916793943961
116.4334505149786,40.107960973740184
116.18605455222384,39.755927073810035
116.32869432822001,39.740511982938344
116.51449022803487,39.796677571072685
116.10137183078152,39.944533011625964
116.6383858714293,40.32261840426579
116.63367677428492,40.32590116648271
116.14344163374703,39.73444537798445
116.07957848995669,39.716058065493534
116.32993425931541,39.759658033040274
116.31465183682691,39.845459349056384
117.27735525186527,40.66621075167953
116.0709369706118,39.67714509363082
116.14737297798088,39.903929451469224
116.8387539933965,40.466084008173105
116.34198601586785,39.85622671380901
116.11998184637064,39.928900153234096
116.43937203484896,39.821748944945895
116.16366581450701,39.755736394896495
116.4133836971231,39.91092454729957
116.85116695859449,40.40343200123935
116.94440226713621,40.1536985203656
116.29827842229656,39.850194415763156
116.44457834409315,39.767252377375954
116.43733898981878,40.10781405729852
116.22589044545387,39.904402099555995
116.82401154235006,40.37878209224441
116.83852851871349,40.37597907764117
116.4133836971231,39.91092454729957
116.1324939844969,39.967941092339565
116.64659135327965,39.907525849055084
116.18394245630877,39.92072549168867
116.54504797639835,39.747899100540685
116.39676520418855,39.85736004780381
116.69171296955419,39.898910075566064
116.51249634912494,39.774061603515136
116.25935807844904,40.21782410321162
116.65495296062763,40.137785047622316
116.84769963229314,40.373533433462384
116.0731019767214,39.66371008837429
116.1324939844969,39.967941092339565
116.69841100492823,40.11079989857959
116.63896393102495,39.90252106078517
116.10238979058542,39.94720475757165
116.06913101721456,39.69192708119229
116.26347582107624,39.87376603706593
116.27133949768006,39.86682319030489
116.62460864965334,40.13834449477078
116.07164528450642,39.938796077555935
116.8552525418844,40.421058247755006
116.5966515855718,39.77846878135984
116.2336357289847,39.90466504655672
116.64836775242563,40.337788969145066
116.3397689978692,39.77702715672487
116.65872174120828,40.183389208026966
116.30270401422202,39.89371318324649
116.00169800732759,39.80277807702552
116.67003254573194,40.191116755510336
116.1253086183837,39.9306217772864
116.85483105693912,40.482154996290504
116.42673898480105,39.68270910253708
116.85582089978058,40.481617344716
116.12284149978836,39.940470579645655
116.82622487729608,40.37491263846726
116.62748951542385,39.92501176284658
116.48801725448637,39.88824662446418
116.63847839689684,40.310566845324544
116.480439598357,39.88474007551911
116.64071391998895,39.913155432176616
116.11813043871456,39.93573106367722
116.56091519577387,40.114323251736046
116.11526933566529,39.9108023058635
117.27671098715355,40.654390009290225
116.63466895272067,40.339378029546324
116.8552525418844,40.421058247755006
116.37838014496019,39.875184713672425
116.63847839689684,40.310566845324544
116.85158898252308,40.40609301522951
116.44154970706627,40.074520504731524
116.25861535945342,39.90631851514592
116.46886538101366,39.88300607704931
116.19055299672613,39.93664708317953
116.68541414114878,39.94131357016866
116.86981182843736,40.38178462744285
116.85959701682232,40.390317054230536
116.0731019767214,39.66371008837429
116.46174307594723,39.87912447320281
115.95384985416916,39.60819017235344
116.63650302308041,39.91847410362279
116.56793446519829,40.344045521662046
116.41983058428757,40.05714634542308
116.64042945685296,40.341287964848775
116.10707490297271,39.94189234654157
116.1876038597369,39.73091856533941
116.11770823512488,39.94013345958985
116.69099001327976,39.92485710792502
116.20644240424774,39.9166508313405
116.46040828378996,39.807164070129815
116.12255297640127,39.962228327179176
116.45506347749429,39.882684127446105
116.19446080535565,39.73832017450368
116.24303802326595,40.21825603400881
116.54391880637232,39.749493966812956
116.68688861981285,40.298845138048094
116.50520731855588,39.81506973022025
116.70082457217245,39.90143368240376
116.63367677428492,40.32590116648271
116.37719896304512,40.07292807244986
116.45225750874522,39.893635751010756
116.3322190095495,39.74026009117825
116.48727597277956,39.793877387920645
116.71892695531788,40.32893900833407
116.13249497263295,39.74588505975401
116.11327518726368,39.945241269637656
116.17672618848604,39.76879050036656
116.50481763362563,39.79086440166167
116.13517659424136,39.90725582488717
116.11264808018714,39.95273598838744
116.66346090194318,40.35599566625544
116.85536303346217,40.379359663947746
116.66267012360277,40.186692162655376
116.20557176654745,39.92925114870418
116.5002169619563,39.81025905999376
116.8389375172122,40.382026445710856
116.43518790744459,39.9195619702606
116.20868709005607,39.84203217190071
116.07911334736364,39.65736808985407
116.33419087997449,40.056976420079096
116.64890457979841,40.31962662153784
116.10877081394501,39.950793471488105
116.86371835267157,40.38280424274146
116.33396810020798,39.72208738385979
116.21057865196845,39.91811751863293
116.66859597556042,39.87804509549781
116.41664221053,40.06336868719719
116.16655000400787,39.938035058075755
116.4133836971231,39.91092454729957
116.07957848995669,39.716058065493534
116.87158714961676,40.389972024849406
116.70288196128195,40.29897706499982
116.85764993962944,40.41951019531353
116.44298564842396,39.78799467485306
116.73226499553006,39.83889305568233
116.65856666403316,39.83881895447633
116.22181313016786,39.77547875225192
116.27695399694795,39.899960061825226
116.0709369706118,39.67714509363082
116.65247570352275,40.32650387800364
116.19181810268078,39.77984597524696
116.35843003721128,39.83072911126196
116.17679068682163,39.90112903898086
116.43906032283701,39.82698672830377
116.86371835267157,40.38280424274146
116.63518637669443,40.326800831411575
116.68741996752199,39.89932010837384
116.82920895836969,40.380273037346015
116.19327504208248,39.76629310406583
116.55750576704128,40.16464754026864
116.51155438596716,39.86258904832325
116.84556350848436,40.37010314509392
116.66078475999842,40.19238281030322
116.39336459951105,40.090910492754055
116.4133836971231,39.91092454729957
116.405376830621,39.8165580747231
116.22075465678545,39.76814875920781
116.24064826111778,39.85373424852367
116.2034435909638,40.000800396677406
116.87407258130176,40.37700901830585
116.19435309852501,39.93900014411874
116.11526933566529,39.9108023058635
116.68652902811722,40.291460253934176
116.51249634912494,39.774061603515136
116.16387853325176,39.75391056535474
116.13039527333395,39.96763557209011
116.65856666403316,39.83881895447633
116.65046933816623,40.342629587658436
116.31804374860205,39.52953001474813
116.15581615146915,39.72635362991566
116.21353587370727,39.772013187948644
116.35306544653628,39.79770799956844
115.95904232950848,39.73992753992487
116.39224656847333,39.87072501629047
116.08040861407845,39.65554039832675
116.57831303790779,39.907903106235686
116.87003164379568,40.38488210214758
116.6409540370518,39.90625514180348
116.07957848995669,39.716058065493534
116.09770916972569,39.95362571391015
116.13376992309973,39.733780928874424
116.442481070219,39.86268236939976
116.51318804436764,39.93497706371782
116.69406958422907,39.94382156547787
116.0731019767214,39.66371008837429
116.27796683641044,39.901199197727976
116.31834656738948,39.75430337383165
116.37796072611758,39.74487694219759
116.67946978409759,40.3777118504351
116.48422685438706,39.92366557539562
116.81926696213803,40.36940614214007
116.32952606929169,39.89110991710682
116.35444398617187,40.0348340611979
116.85705076985428,40.38811235243552
116.84647343863355,40.36545401676192
116.84118840132855,40.35672284147919
116.0797513239368,39.71947395128768
116.41433302638605,39.821155429719006
116.63367677428492,40.32590116648271
116.63847839689684,40.310566845324544
116.16655000400787,39.938035058075755
116.67639398603144,39.89274004946365
116.23611029117303,39.9075600949336
116.84743282594481,40.389681987260424
116.4133836971231,39.91092454729957
116.64862341017378,40.32957861241627
116.64032522376972,40.29819102546727
116.84365380080068,40.38896900477307
116.4133836971231,39.91092454729957
116.66624034902159,40.14219885877206
116.85116695859449,40.40343200123935
116.16017005861492,39.937986789582965
116.6955335527187,40.289051416315004
116.5094250425863,39.97124407926839
116.17529096577272,39.901343182070015
116.48464366814369,39.789895064576356
116.67946978409759,40.3777118504351
116.21781378420691,39.92252562156472
116.21781378420691,39.92252562156472
116.64513322377586,40.30366271082582
116.10151654779919,39.94829168001734
116.11207226635528,39.93263921643143
116.46299946763777,39.94032329652456
116.59224539704536,39.774732888162006
116.30403790807378,40.15729304166766
116.6553458794577,40.18033913441057
116.86347563052277,40.388532127878364
116.44927612258812,39.80906794443639
116.21781378420691,39.92252562156472
116.8506297718995,40.41769419004532
116.24064826111778,39.85373424852367
116.63826163577728,40.346941635135416
117.10603725212415,40.150777791822
116.66194617919226,40.18394050219339
116.3351550312783,39.777127110718006
116.545123074739,39.96310811219161
116.2355227993695,39.9070044793671
116.1876038597369,39.73091856533941
116.15736303355732,39.9414041555659
116.66547858594916,39.899731730114105
116.67601858415884,40.21685321291928
116.48516989551142,39.80042944785495
116.82218438894276,40.37529518992273
116.65116579442812,40.334042745393646
116.84647343863355,40.36545401676192
116.30152040688208,39.84153682317003
116.49520432738008,39.926652840134636
116.31834656738948,39.75430337383165
116.43218999246616,39.803443051100906
116.40696952629021,40.049220591093786
115.97223664083904,39.729062870177934
116.24749577452869,39.843031930204404
116.26628338511713,39.90174337529484
116.19412205434784,39.74755556040609
116.51771011430485,39.800757962850206
116.70720406841265,39.7257332024706
116.37532887063446,40.086440677163694
116.41852182497908,40.13338446229324
116.1002596387296,39.940050824803855
116.8401770889854,40.36925772574637
117.27671098715355,40.654390009290225
116.2355227993695,39.9070044793671
116.10795856610287,39.93650815273648
116.47097262607895,39.88802877234152
116.84862717942612,40.403471627418924
116.3916636580279,39.845461772692616
116.42767699541456,39.896425746961945
116.11813043871456,39.93573106367722
116.08040861407845,39.65554039832675
116.65576700508078,40.13950108911008
116.56041358197709,40.09492418069987
116.23611029117303,39.9075600949336
116.33490350573555,39.74437637998908
116.13097548886284,39.735773183060324
116.50902853053421,39.93001143671071
116.06913101721456,39.69192708119229
116.84743282594481,40.389681987260424
116.10955701092732,39.94744807206647
116.50840017076167,39.771572284768865
116.41852182497908,40.13338446229324
116.65566891011908,39.884374039770286
116.48915998892565,39.788316111324896
116.14210172124834,39.73756086568381
116.84556350848436,40.37010314509392
116.8740009863526,40.39050904173703
116.56497814176493,39.75497360458251
116.27011735303371,40.12615171476214
116.50623596819536,39.80608805521306
116.66093495667968,40.13005208030852
116.82218438894276,40.37529518992273
116.45506347749429,39.882684127446105
116.32147527574898,39.720430814683404
116.59414163014635,39.82287029224355
116.57509090587408,39.87029549827231
116.40635158192987,40.05245720767015
116.32151318414269,39.767571623762336
116.16616696653843,39.73608210350678
116.11583940034193,39.944229045460226
116.16017005861492,39.937986789582965
116.67413977818472,40.36763378151781
116.23355326453888,39.899006875636886
116.4133836971231,39.91092454729957
116.47658065754723,39.896363263930866
116.47075182258459,40.674644179745314
116.50876775244468,39.995260717662575
116.67298635390988,40.125018200482025
116.18394245630877,39.92072549168867
116.67003254573194,40.191116755510336
116.50423948419943,39.80818935174332
116.6498908294178,40.340492329121254
116.86773385447745,40.39612530725877
116.13376992309973,39.733780928874424
116.2250352622016,39.91516052342874
116.17586633045187,39.9340419344624
116.66720944100578,40.35553410759444
116.19327504208248,39.76629310406583
116.15668858578043,39.73076527280161
116.70372268540876,39.87980337535682
116.56177685041901,39.78440977246035
116.86102999377184,40.374964030205305
116.2910451764997,39.86833760935732
116.22356500557342,39.76392207371214
117.27735525186527,40.66621075167953
116.15366021824521,39.75426149285885
116.20972103969808,39.94889909060848
116.51398196677734,39.875052094688705
116.66720944100578,40.35553410759444
116.47487109233116,39.933442205682695
116.4133836971231,39.91092454729957
116.67372998665293,39.888857554881625
116.36397150424123,40.108835633128535
116.15498548836409,39.74543998361525
116.19055299672613,39.93664708317953
116.48915998892565,39.788316111324896
116.07957848995669,39.716058065493534
116.19705681844893,39.91693382289749
116.3596104106514,40.226664633743646
116.37438106849086,39.859946305708775
116.58934476855364,39.92212804078819
116.41416342630578,40.12076416258203
116.53983097731863,39.860296064976936
116.4295164752892,40.069572912919575
116.13981203033394,39.739572100144
116.62721571190437,39.66462948990371
116.21823473016887,40.231664617127464
116.36539495915235,40.04064393344764
116.17694503490505,39.93805342626825
116.10151654779919,39.94829168001734
116.68084275423904,40.29090792672639
116.42558359413546,39.869713708021294
116.63466895272067,40.339378029546324
116.17192699129896,39.77437208388243
116.63887230386295,40.344721205616004
116.64172083063512,40.327873537985255
116.34923740743605,39.79732063789081
116.64513322377586,40.30366271082582
116.41852182497908,40.13338446229324
116.51449022803487,39.796677571072685
116.36843698093136,39.92934036696799
116.67285331486386,39.89603472540973
116.3220680674562,39.762286430768924
116.67372998665293,39.888857554881625
116.71026890715163,39.88240382145911
116.2118720322417,40.13332502463817
116.34309748927534,40.06818740700411
116.59143045428672,40.29647508597401
116.84365380080068,40.38896900477307
116.33607175205124,39.93109330917282
116.30403790807378,40.15729304166766
116.65856666403316,39.83881895447633
116.66346090194318,40.35599566625544
116.44185764619509,39.86331484477789
116.51482538582066,39.81708367065381
116.85788700245352,40.47856002911324
116.67604176044098,40.37626179590687
116.58277078917051,39.81322747441853
116.20868709005607,39.84203217190071
116.19881102944885,39.90728322170021
116.1948297394286,39.775683516860106
116.63887230386295,40.344721205616004
116.84862717942612,40.403471627418924
116.50520731855588,39.81506973022025
116.07309299366631,39.718929704853146
116.20948002432974,39.92136309934227
116.48464366814369,39.789895064576356
116.70596296952007,39.881201093752644
116.8401770889854,40.36925772574637
116.31511536247007,39.76250835969561
116.37550026732576,39.80895972315765
116.63833125445429,40.14388079929007
116.15231635320228,39.74286461548387
116.6130569797783,39.933898088559005
116.21236286637236,39.89745660489347
116.19387915253792,39.77896652919488
116.19461890712542,39.92560292043046
116.26994362074808,40.12302786689009
116.20611703799202,39.93821208835732
116.71700341372936,40.331959799958355
116.63670130420509,40.31243094616312
116.65235003058191,39.87694106022701
116.31858785224944,39.73179301986549
116.83535821890769,40.37782349219975
116.07114798257612,39.679643108811305
116.64588380942152,40.3212165760955
116.19742036094613,39.837479469188615
116.2250352622016,39.91516052342874
116.64145547118747,40.31766776003285
116.85788700245352,40.47856002911324
115.96440081170607,39.72660050908354
116.1734766581342,39.82200753253867
116.19417379674522,39.91893091704196
116.07957848995669,39.716058065493534
116.11526933566529,39.9108023058635
116.5603794463677,39.92553368602447
116.21353587370727,39.772013187948644
116.69010096031654,39.89731005214142
116.32841199079823,39.678398555249
116.11714203316193,39.93340306268382
116.64491448638418,40.13375729102961
116.15366021824521,39.75426149285885
116.51853964904836,39.86964794390637
116.5307869272747,39.916449118721616
116.63993886199499,40.325616516445315
116.07451420281365,39.67990112403047
116.67349398635356,40.11155587411864
116.406498005728,39.81504118782795
116.67329968287176,40.08939751872567
116.4497639923106,39.81254506784597
116.4334505149786,40.107960973740184
116.22398325661888,39.912181539010405
116.13488796868099,39.743477467026246
116.84743282594481,40.389681987260424
116.84592274085779,40.361288174956215
116.1002596387296,39.940050824803855
116.4133836971231,39.91092454729957
116.14937260604609,39.73173600413417
116.32952606929169,39.89110991710682
116.32993425931541,39.759658033040274
116.20868709005607,39.84203217190071
116.6727456080332,39.875736851621156
116.85116695859449,40.40343200123935
117.10603725212415,40.150777791822
116.37532887063446,40.086440677163694
116.29325896059845,39.82710108559351
116.47727909008124,39.98487132882389
116.08532953166213,39.71907067515453
116.6500331436838,39.88057233710835
116.86996058782984,40.37689387130139
116.54298699406681,39.85775708479542
116.40807214786707,40.052543556548436
116.64686300086588,39.89441207611185
116.18453102607893,39.84182206636424
116.85777704985908,40.39235175029413
116.15366021824521,39.75426149285885
116.38290751489994,39.85029405483698
116.63698945551405,40.33145558789925
116.64964442421642,40.14045813437584
116.422679632032,39.84565005434085
116.85576745060274,40.383786402937346
116.84703178884041,40.39435767383429
116.36703876840508,39.87170926339137
116.10861073590313,39.94750041326322
116.50494124046381,39.77240346610961
116.84703178884041,40.39435767383429
116.63605234320605,39.90740816763184
116.24848534787847,39.92751793964196
116.67534018383768,39.87558056180524
116.22589044545387,39.904402099555995
116.63466895272067,40.339378029546324
116.6312996782444,40.3261268917271
115.99196989763784,39.694704377835905
116.19390735933096,39.93658525951325
116.63776244740542,40.326756346926096
116.25603138365395,39.87102238930439
116.35132093723587,39.73452361543801
116.66697803750641,40.13904203901944
116.86378967812904,40.386049294003506
116.4133836971231,39.91092454729957
116.64001512813276,39.88644427161324
116.31641386308478,39.76299679492191
116.20902691903049,39.839753593317525
116.32958670491361,39.6857672546671
116.69455996920696,39.94152710257581
116.31793235871882,39.82916183895063
116.63887230386295,40.344721205616004
116.82228401102378,40.37735803068757
116.8401770889854,40.36925772574637
116.05010598447984,39.60321407021111
116.80776398042164,40.36404239813904
115.99882881952871,39.984237289187796
116.21403667902908,39.77461352142407
116.64065199299,39.658587373851645
116.16616696653843,39.73608210350678
116.17187111669624,39.744417781574285
116.37346102398756,39.75042906719188
115.99196989763784,39.694704377835905
116.59143045428672,40.29647508597401
116.8404779315007,40.452551980353306
116.8290773344243,40.375150980194604
116.29717296753596,39.84189207853161
116.15558708356413,39.76153335073
116.41416342630578,40.12076416258203
116.30572537497429,39.82440148199817
116.64042945685296,40.341287964848775
116.83930546314907,40.378800710370506
116.8740009863526,40.39050904173703
116.23583325375375,39.93304600280258
116.23611029117303,39.9075600949336
116.4133836971231,39.91092454729957
116.31027502289066,39.86230209213439
116.84449641136904,40.38461631945644
116.68253803639747,40.37064602455777
116.6394746177074,40.333056210894256
116.2253766182954,39.764092485597814
116.38178750759009,40.08674497155083
116.68225381253413,39.894194797317255
116.17586633045187,39.9340419344624
116.45124251334947,39.96498723448301
116.48324545004787,39.806620239395215
116.21781378420691,39.92252562156472
116.68253803639747,40.37064602455777
116.0797513239368,39.71947395128768
116.84592274085779,40.361288174956215
116.70619590013882,39.941186957857454
116.85158898252308,40.40609301522951
116.29421376952502,39.79246020530547
116.65647397151713,39.900495046940044
116.22589044545387,39.904402099555995
116.68084275423904,40.29090792672639
116.33051896637188,39.688723104947854
116.1733069682234,39.76960110850997
116.22589044545387,39.904402099555995
116.41852182497908,40.13338446229324
116.43480226488916,39.92027747500697
116.65229397631808,40.324727561715946
116.16616696653843,39.73608210350678
116.23466662438793,40.23323801736612
116.29753246940108,39.82256702877608
116.13981203033394,39.739572100144
114.54561160958328,38.04325613649811
116.66504398574341,40.14801508109512
116.37290452372412,39.75531946493103
116.73237800236319,40.21323404725804
116.19412205434784,39.74755556040609
116.2250352622016,39.91516052342874
115.90989846048248,39.58495445787599
116.65863412677696,40.1193222735393
116.13238816410784,39.91052101828298
116.19725148125296,39.72536339895418
116.6517119641782,40.29720249506835
116.66832163305769,39.91171907668445
116.42773897849476,40.13578605828357
116.64203272230816,40.344979242225314
116.25590014121893,39.88407866291805
116.40947508001864,39.822156464138644
116.4311647563876,39.99917126858667
116.64890457979841,40.31962662153784
116.7101730579537,39.91845293684538
116.2355227993695,39.9070044793671
116.69406958422907,39.94382156547787
116.4464086415697,39.95717392198186
116.41511284539922,39.86103614744897
116.64525754925845,40.12039250340511
116.65306103939308,39.909035072759025
116.12129534868731,39.96426162460338
116.0709369706118,39.67714509363082
116.66378995125149,39.90508113302945
116.62511915667466,40.29683600568565
116.09413382396542,39.936572742634354
116.19055299672613,39.93664708317953
116.67372998665293,39.888857554881625
116.85777704985908,40.39235175029413
116.4225174053152,39.676336875479095
116.10795856610287,39.93650815273648
116.19387915253792,39.77896652919488
116.79988516566324,39.78442117716335
116.11977972763088,39.91873426076333
116.64001512813276,39.88644427161324
116.8401770889854,40.36925772574637
116.8397699769283,40.370921138603784
116.64652802274121,40.328916113653534
116.65146798440168,39.89780734766176
116.50481763362563,39.79086440166167
116.17192699129896,39.77437208388243
116.67084398509914,40.12035008902483
116.346934241939,39.74156586802397
116.83535821890769,40.37782349219975
116.36707191587841,39.8150296184568
116.58691278604648,39.76820165438064
116.71892695531788,40.32893900833407
116.66809283464428,40.18456915597397
116.10795856610287,39.93650815273648
116.19943005177576,39.937726844488
116.63859454779929,40.328367464012935
116.17806421454313,39.773199820738114
116.17529096577272,39.901343182070015
116.41421022802281,39.824533022096794
116.45506347749429,39.882684127446105
116.41511284539922,39.86103614744897
116.07957848995669,39.716058065493534
116.13176303330343,39.914618044340685
116.64862341017378,40.32957861241627
116.64964442421642,40.14045813437584
116.64964442421642,40.14045813437584
116.39676702146065,39.86865908246709
116.66078475999842,40.19238281030322
116.6955335527187,40.289051416315004
116.67003254573194,40.191116755510336
116.18282244899893,39.900393820772685
116.26913227121145,39.86028422636125
116.67407033916878,40.20943740191132
116.51482538582066,39.81708367065381
116.14397702383094,39.74146808126563
116.81926696213803,40.36940614214007
116.63298827826746,40.32835182394651
116.3562793141593,39.728216543264104
116.69841100492823,40.11079989857959
116.2118720322417,40.13332502463817
116.6369763402536,40.30086831042365
116.15736303355732,39.9414041555659
116.05090403909487,40.491433020802624
116.10795856610287,39.93650815273648
116.56177685041901,39.78440977246035
116.84921754580729,40.47973676478612
116.07451420281365,39.67990112403047
117.13874994557553,40.147856247291934
116.63298827826746,40.32835182394651
116.64836775242563,40.337788969145066
116.33313635913629,39.69218567476521
116.84647343863355,40.36545401676192
114.54561160958328,38.04325613649811
116.10779803890823,39.95216843572252
116.40947508001864,39.822156464138644
116.43158154655472,40.07203842471935
116.5002169619563,39.81025905999376
116.42401083096723,40.12278283822037
117.27671098715355,40.654390009290225
116.40947508001864,39.822156464138644
116.65210102029457,40.16829406139965
116.33343621351551,39.79751383393624
116.28839849897562,39.86002723789241
116.13227520431894,39.73774712346141
116.1253086183837,39.9306217772864
116.1704599685706,39.760564082486404
116.50259163257192,39.794469200212795
116.39558431242621,39.85701218946128
116.55153904218292,40.1087126447708
116.44457834409315,39.767252377375954
115.9567079928103,39.60799157712996
116.37796072611758,39.74487694219759
116.23611029117303,39.9075600949336
116.69604549702885,39.87879536690677
116.2336357289847,39.90466504655672
116.54391880637232,39.749493966812956
116.6394746177074,40.333056210894256
116.16017005861492,39.937986789582965
116.63896393102495,39.90252106078517
116.70596296952007,39.881201093752644
116.36653751393051,39.85150148325594
116.33110609885321,39.886427316370025
116.38695797444441,39.86845210490686
116.6498908294178,40.340492329121254
116.67604176044098,40.37626179590687
116.19435309852501,39.93900014411874
116.07742632961588,39.73509992030528
116.66809283464428,40.18456915597397
116.19405791533444,39.919520882462265
116.22242092367591,39.91419454515881
116.15990038730081,39.728089256898976
116.15581615146915,39.72635362991566
116.64065199299,39.658587373851645
116.63833125445429,40.14388079929007
116.44046266484676,39.98664084610413
116.12210615924064,39.92709680327457
115.99882881952871,39.984237289187796
116.55395455444722,39.76807170128726
116.15714339786017,39.757909825624296
116.31762441958999,39.637347973393204
116.4385331073332,40.05561593862822
116.63826163577728,40.346941635135416
117.27671098715355,40.654390009290225
116.67684798963622,40.211611072173916
116.55827960107607,39.91020098514613
116.11171905262873,39.911152703053276
116.56775076172148,39.913965431139495
116.13238816410784,39.91052101828298
116.46691605805701,39.96329655212714
116.6555017354637,39.87667409847264
116.07780496538835,39.6789094573217
117.28015913285358,40.65556849088758
116.85158898252308,40.40609301522951
116.4724382115185,39.92308173273452
116.85737029712419,40.371809273774964
116.79836375224302,40.357824344662966
116.33383416285645,39.756805507357896
116.19405791533444,39.919520882462265
116.85777704985908,40.39235175029413
116.17598939830671,39.94074101234216
117.27671098715355,40.654390009290225
116.63773109654308,40.11089722400767
116.23355326453888,39.899006875636886
116.48464366814369,39.789895064576356
116.34613897207102,39.842054054971406
116.3989217868874,39.856580577077715
116.65028231095906,39.912285099701315
116.86347563052277,40.388532127878364
116.84687719046214,40.360605923703375
116.64297558377145,39.87866323945169
116.59523774252963,39.92950040625763
116.66227909121426,39.89460202149567
116.2250352622016,39.91516052342874
116.10137183078152,39.944533011625964
116.37550026732576,39.80895972315765
116.5002169619563,39.81025905999376
116.82185093793748,40.370964906643096
116.07742632961588,39.73509992030528
117.01047281705618,40.06756360321058
116.63672436555805,40.03117148408109
116.54557600037712,40.095086036868814
116.48915998892565,39.788316111324896
116.1002596387296,39.940050824803855
116.10955701092732,39.94744807206647
116.07589391024644,39.6777720702656
116.63697499279536,39.91327905293478
116.65970984762518,39.95140314127176
116.3840439612006,40.006495059101965
116.33396810020798,39.72208738385979
116.20992145165731,39.91477279174983
116.20644240424774,39.9166508313405
116.15366021824521,39.75426149285885
116.6722605230578,39.88750490018101
116.4133836971231,39.91092454729957
116.82228401102378,40.37735803068757
116.18833121770832,39.73576326484593
115.99070670042971,39.705159211362044
116.22927786929468,39.78100184409314
116.84921754580729,40.47973676478612
116.61232602858486,39.922202051303856
116.64964442421642,40.14045813437584
116.22147626560161,39.77470557662713
116.11171905262873,39.911152703053276
116.21781378420691,39.92252562156472
116.85116695859449,40.40343200123935
116.69978487337521,39.93850501713746
116.34314608760343,39.73451071458748
116.40653968710369,39.72102952178147
116.87206603628412,40.37921601002697
116.37873299936452,39.797613064977924
116.50815591656185,39.80769625127198
116.30403790807378,40.15729304166766
116.67604176044098,40.37626179590687
116.48727597277956,39.793877387920645
116.40242410040972,39.84696565696802
116.37540280117793,39.81305670021641
116.64912358668172,39.884217769795974
116.64836775242563,40.337788969145066
116.45506347749429,39.882684127446105
116.50240640197576,39.812602501109026
116.09417559517165,39.93751620455626
116.64080698443979,40.34706570042391
116.316653890317,39.76666310216808
116.65167540655749,40.14123455921421
117.27671098715355,40.654390009290225
116.21132577266107,39.765596293129384
116.68376107934931,39.94986187884208
115.96323364335693,39.68652769364335
116.22075465678545,39.76814875920781
116.65146798440168,39.89780734766176
116.19390735933096,39.93658525951325
116.66156898070862,40.1268670388764
116.62721571190437,39.66462948990371
116.67500502605192,40.21398784094942
116.36131584366208,39.74205251110924
116.24659297749115,39.90677506436785
116.39045741338907,39.86457534735632
116.19705681844893,39.91693382289749
116.17679068682163,39.90112903898086
116.31465183682691,39.845459349056384
116.07737620416843,39.663553451451634
116.22589044545387,39.904402099555995
116.22031834979929,39.813639201294116
116.316653890317,39.76666310216808
116.21057865196845,39.91811751863293
116.20511497819565,39.951414203498956
116.32910939028088,39.69334346936194
116.64089474888813,40.330964778431614
116.33639900474851,40.06263004966549
116.4133836971231,39.91092454729957
116.42495854328024,39.85701218946128
116.545123074739,39.96310811219161
116.44011520299736,39.85793688589644
116.55917059664291,40.11393293435204
116.66346090194318,40.35599566625544
116.67680478114114,40.03682734021231
116.1002596387296,39.940050824803855
116.07451420281365,39.67990112403047
116.2250352622016,39.91516052342874
114.54561160958328,38.04325613649811
116.42241400309271,39.67617247713724
116.4546540081847,39.88643250675105
116.16817449969211,39.9331036802377
116.67946978409759,40.3777118504351
116.39336459951105,40.090910492754055
116.35368940954348,39.767179584831375
116.85777704985908,40.39235175029413
116.44012625215514,40.08296368870586
116.17598939830671,39.94074101234216
116.87326087244293,40.387832294598496
116.47097262607895,39.88802877234152
116.21805111652263,39.83242489421188
116.66082401594922,40.142141083548935
116.11264808018714,39.95273598838744
116.50947121548955,39.774674244599055
116.6517119641782,40.29720249506835
116.34177320729252,39.72693388819229
116.20992145165731,39.91477279174983
116.52404882747491,39.829561071539395
116.42241400309271,39.67617247713724
116.07133465046108,39.69278405904731
116.15606650921478,39.7307633306315
116.5310016222916,40.226264362849285
116.44154970706627,40.074520504731524
116.21353587370727,39.772013187948644
116.47709664423212,39.875629636015525
116.65801744004439,39.92427085467602
116.1253086183837,39.9306217772864
116.42330143910601,40.12519412160246
116.17637814352855,39.72851400029572
116.8740009863526,40.39050904173703
116.16817449969211,39.9331036802377
116.68741996752199,39.89932010837384
116.29403788130615,39.845276952870826
116.5002169619563,39.81025905999376
116.64119101004532,40.31949700439593
116.68253803639747,40.37064602455777
116.4111900350677,39.97366775250335
116.6383858714293,40.32261840426579
116.83714800280576,40.37150606138387
116.1253086183837,39.9306217772864
116.49381195383958,39.976566978372105
116.64964442421642,40.14045813437584
116.1312239601669,39.96531910319556
116.07639318844886,39.944375427880566
116.64862341017378,40.32957861241627
116.87206603628412,40.37921601002697
116.33383416285645,39.756805507357896
116.12768598391584,39.72529708244907
116.67680478114114,40.03682734021231
116.15236252610548,39.762527356389974
116.1963648537146,39.93180786254685
116.01483967795528,39.719166828943465
117.27671098715355,40.654390009290225
116.12144150299379,39.939220114877465
116.38107703776224,39.817190077877726
116.19278259100193,39.93768970939318
116.41965773229643,40.53778175122725
116.4133836971231,39.91092454729957
116.01904796977784,40.01335304126759
116.07164528450642,39.938796077555935
116.30032539106216,39.85421510707831
116.21943720192452,39.81607217025446
116.34528118013957,40.06636560493878
116.4133836971231,39.91092454729957
116.67058176972078,40.09145901336364
116.23611029117303,39.9075600949336
116.38002979319872,39.8510392313909
116.85158898252308,40.40609301522951
116.08824444321144,39.68721281722189
116.4133836971231,39.91092454729957
116.55750576704128,40.16464754026864
116.0709369706118,39.67714509363082
116.29307346051064,39.849120741831406
116.26993724277895,40.12615019762974
116.01583212588268,39.72166345014553
116.63264363311787,40.031529201430644
116.82920895836969,40.380273037346015
116.13176303330343,39.914618044340685
116.41272541884537,40.05643555811663
116.62511915667466,40.29683600568565
116.51851805028052,39.874662749884564
116.19705681844893,39.91693382289749
116.49153403072741,39.98441115830384
116.84386517208719,40.366108403383826
116.20644240424774,39.9166508313405
116.66378995125149,39.90508113302945
116.13708297819464,39.73903605878258
116.63718196238483,40.13350699195742
116.09413382396542,39.936572742634354
116.30403790807378,40.15729304166766
116.48915998892565,39.788316111324896
116.54423842347276,40.110323270962354
116.17586633045187,39.9340419344624
116.81727577814459,40.37584139375639
116.48324545004787,39.806620239395215
116.1744649738563,39.77350704699109
116.85158898252308,40.40609301522951
116.33118101753271,40.0809530687648
116.10707490297271,39.94189234654157
116.33051896637188,39.688723104947854
116.70455999597459,39.723043115472606
116.13249497263295,39.74588505975401
116.37628008633897,39.861369424243456
116.10208104298164,39.94554682160288
116.65517205734152,40.192748492262005
116.21353587370727,39.772013187948644
116.10137183078152,39.944533011625964
116.29263203318304,40.01783508127434
117.10603725212415,40.150777791822
116.4172346430138,39.86296468564603
116.68212912772934,39.946588550550146
116.82622487729608,40.37491263846726
116.85582089978058,40.481617344716
116.39092965259569,39.85578201079515
116.64308850077406,39.889196778199626
116.22847873671301,39.90753857883821
116.2118720322417,40.13332502463817
116.4133836971231,39.91092454729957
116.66092121260536,40.14752761731012
116.2987327852235,39.86786418828989
116.48330177937288,39.91507536791866
116.84703178884041,40.39435767383429
116.08666971365248,39.71806549228215
116.87206603628412,40.37921601002697
116.51482538582066,39.81708367065381
116.64137516267486,40.33038733878989
116.64513322377586,40.30366271082582
116.1253086183837,39.9306217772864
116.63888721573444,40.319768203052384
116.85608229032586,40.38815843347372
116.8401770889854,40.36925772574637
116.17184749126132,39.768124356702735
116.43733898981878,40.10781405729852
116.21830219291269,39.76132424509635
116.86347563052277,40.388532127878364
116.82401154235006,40.37878209224441
116.0709369706118,39.67714509363082
116.24077043066713,39.89581828214672
116.38675136417713,39.85108915418955
116.6782047004479,40.13274843529265
116.6517119641782,40.29720249506835
116.63859454779929,40.328367464012935
116.54423842347276,40.110323270962354
116.07853573692071,39.65047126966165
116.07742632961588,39.73509992030528
116.42665885594955,39.8801252787815
116.55730948728737,39.918570875831584
116.69099001327976,39.92485710792502
116.40653968710369,39.72102952178147
116.8401770889854,40.36925772574637
116.11400362320171,39.94766635602439
116.29606948904751,39.85017959798714
116.6553458794577,40.18033913441057
116.11171905262873,39.911152703053276
116.14717606941306,39.90586002566867
116.51482538582066,39.81708367065381
116.12284149978836,39.940470579645655
116.63298827826746,40.32835182394651
116.50072154016122,39.80528598694745
116.1857689809022,39.89938507959583
116.59899355786686,40.047587242853815
117.27671098715355,40.654390009290225
115.99474655996916,39.7112895403639
116.81727577814459,40.37584139375639
115.97957858160265,39.76809066459333
116.85788700245352,40.47856002911324
116.07508426749027,39.65759063701298
116.20951101586981,39.909836058092544
116.83571996653654,40.3842200134497
116.16017005861492,39.937986789582965
116.37589013191707,40.06911965095603
116.64203272230816,40.344979242225314
116.68212912772934,39.946588550550146
116.19055299672613,39.93664708317953
116.4382225631184,39.85098155354885
116.85764993962944,40.41951019531353
116.8387539933965,40.466084008173105
116.70840124016581,39.87643219159667
116.64602883436932,40.3368794838773
116.53920000752841,39.80766320225805
116.70869651318694,39.88772815187519
116.32202659435268,39.851925967924
117.07751713014898,40.1500534150064
116.63807101534805,39.9046211822873
116.25412302342855,39.92200007849142
116.68897322757931,39.937424714979855
116.57831303790779,39.907903106235686
116.37377857498535,39.80437859081476
116.13722904267055,39.74082511250803
116.44446264234344,39.925458779989256
116.05090403909487,40.491433020802624
116.63367677428492,40.32590116648271
116.68897322757931,39.937424714979855
116.19705681844893,39.91693382289749
116.59603705477241,39.7912366228894
116.19881102944885,39.90728322170021
116.55042271792568,39.75584858349988
116.84743282594481,40.389681987260424
117.10603725212415,40.150777791822
116.2355227993695,39.9070044793671
116.8387539933965,40.466084008173105
116.64679203473058,40.32502115391691
116.19945098229414,39.92880007596673
116.68805812375629,39.90163114983915
116.05090403909487,40.491433020802624
116.63670130420509,40.31243094616312
116.85737029712419,40.371809273774964
116.87776865932257,40.39237022726501
116.86996058782984,40.37689387130139
116.37589013191707,40.06911965095603
116.17401321601534,40.52721531344018
116.64513322377586,40.30366271082582
116.33017331132928,39.73656481082026
116.10137183078152,39.944533011625964
116.15458700003984,39.735933122738274
116.29809004763109,39.8213541692284
116.38559901786891,40.17844008240049
116.13176303330343,39.914618044340685
116.86109296498807,40.397730325000275
116.19405791533444,39.919520882462265
116.17806421454313,39.773199820738114
116.50815591656185,39.80769625127198
115.90989846048248,39.58495445787599
116.67579104337317,40.039208066752636
116.406498005728,39.81504118782795
116.18054479537838,39.89985765860721
116.65235003058191,39.87694106022701
116.37346102398756,39.75042906719188
116.85764993962944,40.41951019531353
116.06913101721456,39.69192708119229
116.18394245630877,39.92072549168867
116.21528379656858,39.948806717532726
116.21987289536808,39.90448403167967
116.17806421454313,39.773199820738114
116.21057865196845,39.91811751863293
116.31834656738948,39.75430337383165
116.64878079329912,39.931957868005796
116.34166702758124,39.759566096222045
116.86378967812904,40.386049294003506
116.4133836971231,39.91092454729957
116.46040828378996,39.807164070129815
116.63887230386295,40.344721205616004
116.4133836971231,39.91092454729957
116.16508964656269,39.727878036015525
116.67084398509914,40.12035008902483
116.21057865196845,39.91811751863293
117.00931157752345,40.06574916971442
116.4551768219915,39.88878786078652
116.46686395633743,39.80417134860279
116.07737620416843,39.663553451451634
116.63943320582341,40.32365893024225
116.56497814176493,39.75497360458251
116.22409644311311,39.80588643043943
116.10137183078152,39.944533011625964
117.10603725212415,40.150777791822
116.19562554827988,39.92830113982935
116.22927786929468,39.78100184409314
116.84449641136904,40.38461631945644
116.43749161192491,39.96578583186777
116.32910939028088,39.69334346936194
116.4864454893356,39.92488927009111
116.01688502977093,39.71949809366785
116.00169800732759,39.80277807702552
116.4295164752892,40.069572912919575
116.8335361858418,40.375751596778564
116.17529096577272,39.901343182070015
116.63833125445429,40.14388079929007
116.13036365298001,40.25241040721487
116.4133836971231,39.91092454729957
116.70288196128195,40.29897706499982
116.08532953166213,39.71907067515453
116.24491772754558,40.219836703521
117.10603725212415,40.150777791822
116.37251358116622,39.91812360584147
116.19150996158594,39.91738310675415
116.63432966272957,40.314070737651
116.11936875286007,39.93428246072968
116.42773897849476,40.13578605828357
116.63466895272067,40.339378029546324
116.42787695822108,39.85363565305998
116.58842849693347,39.91357727757617
116.1877155191118,39.93383017658912
116.17598939830671,39.94074101234216
116.39092965259569,39.85578201079515
116.83535821890769,40.37782349219975
116.35306544653628,39.79770799956844
116.44701302151684,39.77187405983047
116.55298001405147,39.743074401766684
116.66720944100578,40.35553410759444
116.48915998892565,39.788316111324896
116.85483105693912,40.482154996290504
116.4133836971231,39.91092454729957
116.62721571190437,39.66462948990371
116.34857832068336,39.820549855985924
116.8335361858418,40.375751596778564
116.48727597277956,39.793877387920645
116.18998454899945,39.865825650365146
117.10603725212415,40.150777791822
116.30247827004736,39.79552911349772
116.50780458927687,39.81125214846453
116.46151634363652,39.804523195756566
116.21132577266107,39.765596293129384
116.6553458794577,40.18033913441057
116.85306103576227,40.48214210038622
116.83535821890769,40.37782349219975
116.0731019767214,39.66371008837429
116.07164528450642,39.938796077555935
116.17192699129896,39.77437208388243
116.64588380942152,40.3212165760955
116.1733069682234,39.76960110850997
116.63992799249829,40.330155027759155
116.63298827826746,40.32835182394651
116.17806421454313,39.773199820738114
116.12129534868731,39.96426162460338
116.57016126468392,39.86722997058745
116.8389375172122,40.382026445710856
116.27324669010828,40.23662670661484
116.82920895836969,40.380273037346015
116.6312996782444,40.3261268917271
116.65576700508078,40.13950108911008
116.26471889624096,39.913964531837756
116.39170300380924,39.99039893570479
116.57478036165926,39.78741937048011
116.07027599741757,39.69611109689042
116.42400103943716,39.85055405743201
115.96909400884294,39.75980890344826
116.07589391024644,39.6777720702656
116.17806421454313,39.773199820738114
116.43309332848696,39.81181831465714
116.67413977818472,40.36763378151781
116.64282359047917,40.332464145718845
116.51079262289473,39.8293852127813
116.2355227993695,39.9070044793671
116.66720944100578,40.35553410759444
116.8506297718995,40.41769419004532
116.66433504303494,40.191263844233106
116.33306260825391,40.073508968820065
116.17192699129896,39.77437208388243
116.85737029712419,40.371809273774964
116.64513322377586,40.30366271082582
117.10603725212415,40.150777791822
116.8552525418844,40.421058247755006
116.22398325661888,39.912181539010405
116.13238816410784,39.91052101828298
115.99931875535385,39.701299606912706
116.3217184469517,39.637957602446726
116.37503072303568,39.95816161861317
116.17679068682163,39.90112903898086
116.58136359358916,39.87981624875458
116.63887230386295,40.344721205616004
116.64686300086588,39.89441207611185
116.64098439977802,40.32402767947262
116.8401770889854,40.36925772574637
116.2355227993695,39.9070044793671
116.19591974333441,39.92388870834631
116.22841396888576,39.90498807766264
116.15366021824521,39.75426149285885
116.41572261517945,39.85172443764736
116.12284149978836,39.940470579645655
116.66431495443544,40.209917521798296
116.5268890000058,40.21781170719753
116.42773897849476,40.13578605828357
116.4133836971231,39.91092454729957
116.68846029513313,39.896889974018066
116.8397699769283,40.370921138603784
116.86981182843736,40.38178462744285
116.4518974678968,39.85257297322835
116.1002596387296,39.940050824803855
116.13722904267055,39.74082511250803
116.37248744047585,40.080924706981904
116.63880600891632,40.337986057029546
116.67413977818472,40.36763378151781
116.63632686536987,39.88197769922303
116.44445452293724,39.76980246219196
116.07780496538835,39.6789094573217
116.68688861981285,40.298845138048094
116.73545676483755,39.95394353439613
116.43972974010305,39.82385543894849
116.5002169619563,39.81025905999376
116.6555017354637,39.87667409847264
116.11526933566529,39.9108023058635
116.85959701682232,40.390317054230536
116.83161596798368,40.38315611014329
116.84548319997177,40.3769352995126
116.64890457979841,40.31962662153784
116.61889910133516,39.91703822034349
116.51295376629062,39.9364781398508
116.40101034719812,39.81688415666135
116.81727577814459,40.37584139375639
116.33930367561506,39.715176888170774
116.4133836971231,39.91092454729957
116.218411965846,39.77493716977817
116.21781378420691,39.92252562156472
116.27301807135599,40.12563457752635
116.64890457979841,40.31962662153784
116.45593571048633,39.812440246820174
116.66384986822901,40.20781454181834
116.64602883436932,40.3368794838773
116.84703178884041,40.39435767383429
116.40101034719812,39.81688415666135
116.25502995267144,40.21497089368364
116.10151654779919,39.94829168001734
116.4133836971231,39.91092454729957
116.24303802326595,40.21825603400881
116.43733898981878,40.10781405729852
116.10779803890823,39.95216843572252
116.23547042815828,40.2990809280586
116.41581621861357,40.083366053927726
116.85394245312868,40.37408411300298
116.38825225302321,39.99643144001941
116.67953868413021,40.227499114804395
116.67827512759987,40.12788722289096
116.59477879824459,39.77783572626663
117.27671098715355,40.654390009290225
116.85788700245352,40.47856002911324
116.47656853042282,39.905457504365735
116.4133836971231,39.91092454729957
116.35846345417627,40.04209406227938
116.68258187370635,40.28984047563657
116.63807101534805,39.9046211822873
116.67215910436578,40.21257115637499
116.57167177544198,39.80266000655266
116.06830978631731,39.741963671437226
116.51155438596716,39.86258904832325
116.07164528450642,39.938796077555935
116.47203298590294,39.88113008384472
116.33313635913629,39.69218567476521
115.9567079928103,39.60799157712996
116.41965773229643,40.53778175122725
116.8552525418844,40.421058247755006
116.18749013425932,39.75171717561614
116.63858897830514,39.90953006869645
116.17058896524185,39.76339606819249
116.65229397631808,40.324727561715946
116.85788700245352,40.47856002911324
117.27671098715355,40.654390009290225
116.83714800280576,40.37150606138387
115.9603037301056,39.7303462483239
116.0731019767214,39.66371008837429
116.52203698245478,40.220140878110534
116.44296588570272,39.760805638176436
116.66809283464428,40.18456915597397
116.31556954573593,39.88039658730076
117.2842399551243,40.180409555410655
117.28015913285358,40.65556849088758
116.85777704985908,40.39235175029413
116.63654650106709,39.911782652469775
116.33662636587313,39.721747252011006
116.29954700933777,39.83837711570588
117.27671098715355,40.654390009290225
116.82920895836969,40.380273037346015
116.82622487729608,40.37491263846726
116.4833999641651,39.87393299059096
116.8389375172122,40.382026445710856
116.22242092367591,39.91419454515881
116.0731019767214,39.66371008837429
116.87407258130176,40.37700901830585
116.84687719046214,40.360605923703375
116.07114798257612,39.679643108811305
116.51318804436764,39.93497706371782
116.61872411974913,39.93188732606085
116.6606839701202,40.145057084773434
116.86501388887804,40.39090166992533
116.67020852378137,39.887696733361174
116.21781378420691,39.92252562156472
116.85788700245352,40.47856002911324
116.88133277626396,40.397288972342295
116.34857832068336,39.820549855985924
116.4133836971231,39.91092454729957
116.37248744047585,40.080924706981904
116.58057901355672,39.81410343889673
116.67946978409759,40.3777118504351
116.07911334736364,39.65736808985407
116.10151654779919,39.94829168001734
116.20078298970434,39.93926527068537
116.50240640197576,39.812602501109026
116.85788700245352,40.47856002911324
116.8740009863526,40.39050904173703
116.67579104337317,40.039208066752636
116.848287889435,40.368368938273605
116.07957848995669,39.716058065493534
116.15366021824521,39.75426149285885
116.64352938911834,40.139166971555575
116.85135290783505,40.401721048121814
116.33419087997449,40.056976420079096
116.11184777980831,39.948308827254884
116.63847839689684,40.310566845324544
116.44534702411802,39.96759644880943
116.07133465046108,39.69278405904731
116.61863276207876,40.129113988557464
116.17529096577272,39.901343182070015
116.21353587370727,39.772013187948644
116.147727269674,39.73082083271587
116.6660220607827,39.91066761173449
116.65129829449086,39.923455306848176
116.23611029117303,39.9075600949336
116.19405791533444,39.919520882462265
116.56481195524559,40.111969036002726
116.84743282594481,40.389681987260424
116.848287889435,40.368368938273605
116.5352090158087,40.01753703841508
116.58505055777954,39.911017138967
116.42773897849476,40.13578605828357
116.36843698093136,39.92934036696799
116.58869134112568,39.92484223724093
116.62511915667466,40.29683600568565
116.11714203316193,39.93340306268382
116.50783683844469,39.796666622253255
116.4334505149786,40.107960973740184
116.848287889435,40.368368938273605
116.43110403093512,39.87473307437315
116.22031834979929,39.813639201294116
116.10137183078152,39.944533011625964
116.14967246042532,39.759655953023135
116.64275999044905,40.119991048503216
116.64032522376972,40.29819102546727
116.48464366814369,39.789895064576356
116.4133836971231,39.91092454729957
116.2336357289847,39.90466504655672
116.22276299841411,39.905940418946855
116.3916636580279,39.845461772692616
116.01483967795528,39.719166828943465
116.13176303330343,39.914618044340685
116.37739641059622,39.85353214151716
116.322223847223,40.08285818455981
116.66092121260536,40.14752761731012
116.3471820844292,39.74678602146467
116.07737620416843,39.663553451451634
116.4186351552022,40.077275842841395
116.68488917140873,40.11405432681799
116.70869651318694,39.88772815187519
116.15798106774821,39.749942275710275
115.96506421032517,39.742117077574356
116.56091519577387,40.114323251736046
116.22589044545387,39.904402099555995
116.83535821890769,40.37782349219975
116.86378967812904,40.386049294003506
116.40935623419966,39.70903851176745
115.99205559598349,39.70968226507515
116.27170088598669,40.22464948348405
116.67175998722769,40.140058039949324
116.56203816749188,39.74539747307517
116.64735203838549,39.901401093994714
116.66346090194318,40.35599566625544
116.0709369706118,39.67714509363082
116.2500488486186,40.22437920843699
116.62192792635048,39.91012108428066
116.43845279882059,40.076108206686506
116.63807101534805,39.9046211822873
116.56012073438083,40.09301865044828
116.07027599741757,39.69611109689042
116.35775801485927,40.03836607332822
116.33313635913629,39.69218567476521
116.4133836971231,39.91092454729957
116.0899453846946,39.945119573970906
116.22444920768689,39.908861633077954
116.69392405873646,39.880282457904976
116.37796072611758,39.74487694219759
116.65755103982359,40.191310072050975
116.4133836971231,39.91092454729957
116.6459675699335,40.33171780064381
116.66291059998777,40.35396247509789
116.1733069682234,39.76960110850997
116.32869432822001,39.740511982938344
116.32573612739101,39.855868040658
116.63896393102495,39.90252106078517
116.6955335527187,40.289051416315004
116.85764993962944,40.41951019531353
116.63826163577728,40.346941635135416
115.97745175347721,39.72160795216488
116.15990038730081,39.728089256898976
116.37296461336494,39.873306731566785
116.07114798257612,39.679643108811305
116.7131890288729,40.33194584377164
116.65801663156942,40.14811311114619
116.64145547118747,40.31766776003285
116.1501388606461,39.9049496793143
116.8401770889854,40.36925772574637
116.63518637669443,40.326800831411575
116.83535821890769,40.37782349219975
116.64013242415912,39.90476031779818
116.68376107934931,39.94986187884208
116.50783683844469,39.796666622253255
116.37012875969828,39.85574912356607
116.63367677428492,40.32590116648271
116.11327518726368,39.945241269637656
116.12401011776902,39.93360859775469
116.70840124016581,39.87643219159667
116.23355326453888,39.899006875636886
116.69406958422907,39.94382156547787
116.64536202218923,39.938568083791615
116.4133836971231,39.91092454729957
116.51484047735323,39.93583922184007
116.50481763362563,39.79086440166167
116.1253086183837,39.9306217772864
116.17192699129896,39.77437208388243
116.16529668816037,39.73255364124223
116.32841199079823,39.678398555249
116.88133277626396,40.397288972342295
116.4133836971231,39.91092454729957
116.47656853042282,39.905457504365735
116.19263832313702,39.92329525331358
116.4133836971231,39.91092454729957
116.25215043435921,39.839099638338524
116.12401011776902,39.93360859775469
116.51449022803487,39.796677571072685
116.15606650921478,39.7307633306315
116.147727269674,39.73082083271587
116.84118840132855,40.35672284147919
116.52203698245478,40.220140878110534
116.84449641136904,40.38461631945644
117.27671098715355,40.654390009290225
117.28015913285358,40.65556849088758
116.1965589775353,39.77775206246416
116.19705681844893,39.91693382289749
116.61872411974913,39.93188732606085
116.86704486780556,40.38646056438882
116.33118101753271,40.0809530687648
116.18375767486538,39.77778394760396
116.6955335527187,40.289051416315004
116.4288479366468,39.7912694719563
116.3274133445628,39.67271992766586
116.29037969685702,39.86479460162229
116.51459137723529,39.90659082612835
116.15742286070429,39.744947192599376
116.37759125306131,39.799938092902586
116.6836386403083,40.12469828630032
116.63887230386295,40.344721205616004
116.2355227993695,39.9070044793671
116.64261518360084,40.121622370901925
116.2017013274272,39.93925482883967
116.1965589775353,39.77775206246416
116.58922924646505,39.766282011717784
116.3043462065248,39.70585150372129
116.70720406841265,39.7257332024706
116.40653968710369,39.72102952178147
116.13176303330343,39.914618044340685
116.56091519577387,40.114323251736046
116.67946978409759,40.3777118504351
116.22147626560161,39.77470557662713
116.67651858100568,39.88046026159239
116.01904796977784,40.01335304126759
116.39663020953144,39.87221477558619
116.64269558194398,40.143654460910966
116.21236286637236,39.89745660489347
116.31804374860205,39.52953001474813
116.19055299672613,39.93664708317953
116.50783683844469,39.796666622253255
116.66720944100578,40.35553410759444
116.86347563052277,40.388532127878364
116.19405791533444,39.919520882462265
116.34483400365669,39.78059608904561
116.40222359861988,39.85684533289696
116.8554047148378,40.389587771436965
116.63650302308041,39.91847410362279
116.17192699129896,39.77437208388243
116.63833125445429,40.14388079929007
116.19217839071591,39.76728918957609
116.2250352622016,39.91516052342874
116.4851600141508,39.8675539949845
116.6836386403083,40.12469828630032
116.1704599685706,39.760564082486404
116.8554047148378,40.389587771436965
116.66487600261307,39.88598204940846
116.20019900129229,39.92410520055816
116.56568888108444,40.076307098129405
116.07911334736364,39.65736808985407
116.20754821833052,39.90771077659417
116.69099001327976,39.92485710792502
116.82185093793748,40.370964906643096
116.14117970047288,39.73261467924976
116.63298827826746,40.32835182394651
116.25412302342855,39.92200007849142
116.85582089978058,40.481617344716
116.63841443754451,40.14381668279928
116.35777903520822,39.76055111721712
117.10603725212415,40.150777791822
116.42223335385464,40.135365457642635
116.66859597556042,39.87804509549781
116.81438089880814,40.36771390087248
116.4421386361586,39.86753821184613
116.3223646879356,39.8563638005606
116.18282244899893,39.900393820772685
116.0731019767214,39.66371008837429
116.86102999377184,40.374964030205305
116.39676702146065,39.86865908246709
116.3601758041394,39.74396076771149
116.63650302308041,39.91847410362279
116.07737620416843,39.663553451451634
116.85158898252308,40.40609301522951
116.17679068682163,39.90112903898086
116.40696952629021,40.049220591093786
116.42059798867372,39.901512074415066
116.6386055071265,40.34024094310771
116.07639318844886,39.944375427880566
116.68212912772934,39.946588550550146
116.07114798257612,39.679643108811305
116.64145547118747,40.31766776003285
116.2453223243473,40.22958158839661
116.61863276207876,40.129113988557464
116.67500502605192,40.21398784094942
116.13488796868099,39.743477467026246
116.42363857316391,39.804177584586256
116.4133836971231,39.91092454729957
116.82401154235006,40.37878209224441
116.16060510797341,39.93244045593439
116.83535821890769,40.37782349219975
116.34466997307057,40.075000076641594
116.84687719046214,40.360605923703375
116.51936299644319,39.79424370231706
116.8740009863526,40.39050904173703
116.413504159892,39.948513556639256
115.99659239813109,39.698804463374145
116.68383474040114,40.58046379638685
116.40696952629021,40.049220591093786
116.85764993962944,40.41951019531353
116.5089673422388,39.86878648557149
116.46145400123415,39.884476051065604
116.57349084409971,39.9270048155123
116.67624899952213,40.01453008210408
116.64890457979841,40.31962662153784
116.65801744004439,39.92427085467602
116.15606650921478,39.7307633306315
116.50840017076167,39.771572284768865
116.6553458794577,40.18033913441057
116.53386739652952,39.86213607929233
116.13488796868099,39.743477467026246
116.4133836971231,39.91092454729957
116.44781206426796,39.76965386391049
116.37802091258676,39.84748748694151
116.86704486780556,40.38646056438882
116.34336617245337,39.789171673858064
116.31556954573593,39.88039658730076
117.27671098715355,40.654390009290225
116.67413977818472,40.36763378151781
116.63698945551405,40.33145558789925
116.19648298088914,39.77768808419308
116.26042239081728,39.9000295298664
116.59143045428672,40.29647508597401
116.64483363888829,39.661699817924045
116.8740009863526,40.39050904173703
116.20644240424774,39.9166508313405
116.63390027269578,40.33022783559419
116.63632686536987,39.88197769922303
116.17679068682163,39.90112903898086
116.68253803639747,40.37064602455777
116.79836375224302,40.357824344662966
116.64032522376972,40.29819102546727
116.15581615146915,39.72635362991566
116.10707490297271,39.94189234654157
116.12284149978836,39.940470579645655
116.34280598913736,39.751988094124364
116.68846029513313,39.896889974018066
116.23068802928422,39.91511127021414
116.12232265086851,40.21661362164842
116.64836775242563,40.337788969145066
116.65374716514158,40.33580540917272
116.08532953166213,39.71907067515453
116.64098439977802,40.32402767947262
116.16534663394673,39.73781172704784
116.6498908294178,40.340492329121254
116.85158898252308,40.40609301522951
116.2355227993695,39.9070044793671
116.35444398617187,40.0348340611979
116.34775556266678,40.087174155407965
116.23701218990506,39.89638187737581
116.30433928957237,40.22054442207961
116.6437492943072,40.31875347161611
116.13857021279695,39.74586349256013
116.43345444730198,39.866442451595056
116.51155438596716,39.86258904832325
116.10706493178157,39.94527729427897
116.0148615966097,39.72124457802407
116.14280150124058,39.951141242516634
116.08989103721123,39.72087912075589
116.1495172332332,39.74031980458968
116.33118101753271,40.0809530687648
116.16655000400787,39.938035058075755
117.27671098715355,40.654390009290225
116.42618724555682,39.95678359568422
116.23352927978176,39.90020084716254
116.86704486780556,40.38646056438882
116.4133836971231,39.91092454729957
116.44154970706627,40.074520504731524
116.4032783889497,39.87184590364567
116.12253258486619,39.930437050423045
116.64914299008076,40.32295312356417
116.64964442421642,40.14045813437584
116.19217839071591,39.76728918957609
116.1324939844969,39.967941092339565
116.67578834845659,39.89349341109451
116.22589044545387,39.904402099555995
116.54894940705873,40.093336231059105
116.79672757858715,39.713914802687775
116.65801663156942,40.14811311114619
116.64193202226049,40.31288000835479
116.07737620416843,39.663553451451634
116.135980936995,39.74813577746895
116.4133836971231,39.91092454729957
116.18349851372574,39.84146909591423
116.67317913027235,39.90486291972303
116.19405791533444,39.919520882462265
116.42199197916412,40.062553086221264
116.50259163257192,39.794469200212795
116.848287889435,40.368368938273605
116.56497814176493,39.75497360458251
116.39663020953144,39.87221477558619
116.63466895272067,40.339378029546324
116.64513322377586,40.30366271082582
116.64145547118747,40.31766776003285
116.83535821890769,40.37782349219975
116.64032522376972,40.29819102546727
116.17529096577272,39.901343182070015
116.32837453145844,39.849704042603
116.39092965259569,39.85578201079515
116.3322190095495,39.74026009117825
116.56091519577387,40.114323251736046
116.00169800732759,39.80277807702552
116.07957848995669,39.716058065493534
116.07114798257612,39.679643108811305
116.67680478114114,40.03682734021231
116.10020124887149,39.94828103213379
116.6836386403083,40.12469828630032
116.567408148,39.91707791225474
116.25502995267144,40.21497089368364
116.01904796977784,40.01335304126759
116.26993724277895,40.12615019762974
116.147727269674,39.73082083271587
116.64513322377586,40.30366271082582
116.48727597277956,39.793877387920645
116.68253803639747,40.37064602455777
116.41360198536202,39.861525815928346
116.26108596909752,40.22867263145121
116.39092965259569,39.85578201079515
116.30403790807378,40.15729304166766
115.95904232950848,39.73992753992487
116.51449022803487,39.796677571072685
116.64745175029712,39.94198071841371
116.84556350848436,40.37010314509392
116.41875233017294,39.99399724896699
116.85347596307733,40.3794890277834
115.99196989763784,39.694704377835905
116.4133836971231,39.91092454729957
116.1857689809022,39.89938507959583
116.4133836971231,39.91092454729957
116.23875876530809,40.23099688169992
116.69159381030745,39.92050425973968
116.15714339786017,39.757909825624296
116.49123399668707,39.925100156691016
116.1965589775353,39.77775206246416
116.07114798257612,39.679643108811305
116.6517119641782,40.29720249506835
116.37251358116622,39.91812360584147
116.66894029606242,40.14291745982546
116.64184003577627,40.341533127286866
116.67170617318509,39.89568049083048
116.16529668816037,39.73255364124223
116.51482538582066,39.81708367065381
116.50780458927687,39.81125214846453
116.43156279555909,39.80082829437213
116.42869531454065,40.11109773739885
116.50515225242813,39.939379646824015
116.68225722609506,39.911137967729054
116.14087598337996,39.95751004601641
116.19250011794495,39.95966680486939
116.67300647595331,40.138327809330185
116.26805358595509,40.13743520118713
116.66267012360277,40.186692162655376
116.48956898742432,39.98364104465068
116.32147527574898,39.720430814683404
116.67838517002485,40.21408928736749
116.52261602134718,39.82523780354675
116.31834656738948,39.75430337383165
116.66267012360277,40.186692162655376
116.12768598391584,39.72529708244907
116.07911334736364,39.65736808985407
116.62460864965334,40.13834449477078
116.44154970706627,40.074520504731524
116.85608229032586,40.38815843347372
116.19705681844893,39.91693382289749
116.42330143910601,40.12519412160246
116.66510695695965,39.94667809175178
116.68652902811722,40.291460253934176
116.6409540370518,39.90625514180348
116.10955701092732,39.94744807206647
116.41899657944107,40.06528678783938
116.65116579442812,40.334042745393646
116.6498908294178,40.340492329121254
116.23484592616774,39.897182665852455
116.14760420181914,39.73336280658377
116.63650302308041,39.91847410362279
116.15581615146915,39.72635362991566
116.82622487729608,40.37491263846726
116.44011520299736,39.85793688589644
116.4291132960945,40.05838547115358
116.48727597277956,39.793877387920645
116.08040861407845,39.65554039832675
116.39839241545036,39.86623096762798
116.43156279555909,39.80082829437213
116.10385609466937,39.949549501363116
116.06773729621582,39.71334595120553
116.86572902989454,40.39569345747324
116.63298827826746,40.32835182394651
116.5603794463677,39.92553368602447
116.85135290783505,40.401721048121814
116.27796683641044,39.901199197727976
116.22708600385036,39.80346667879865
116.63637663149515,39.91023730820843
116.85737029712419,40.371809273774964
116.64184003577627,40.341533127286866
116.6409540370518,39.90625514180348
116.85158898252308,40.40609301522951
116.70596296952007,39.881201093752644
116.56269303220866,40.12442271339375
116.64065199299,39.658587373851645
116.8401770889854,40.36925772574637
116.16508964656269,39.727878036015525
116.06797687429531,39.721850478008825
116.22484697736671,39.761351076657405
116.66685344253216,39.9223930257293
116.34097102047213,39.74118609398636
116.39289496539041,39.86424305544489
116.6606839701202,40.145057084773434
116.63367758275986,40.31414638245882
116.16062424188075,39.79773363881476
116.11690712627107,39.914020150167815
116.63887230386295,40.344721205616004
116.87097504424227,40.37552205399397
116.64203272230816,40.344979242225314
116.63367677428492,40.32590116648271
116.85788700245352,40.47856002911324
116.16655000400787,39.938035058075755
116.26805358595509,40.13743520118713
116.1857689809022,39.89938507959583
116.19705681844893,39.91693382289749
116.84647343863355,40.36545401676192
116.32883140964084,40.08823302725871
116.46095373489565,39.79889536374518
116.6548500148162,40.18975132967455
116.33118101753271,40.0809530687648
116.19591974333441,39.92388870834631
116.32356949528558,39.903923778112734
116.2203319142125,39.91473405304837
116.07451420281365,39.67990112403047
116.68258187370635,40.28984047563657
116.4133836971231,39.91092454729957
116.87326087244293,40.387832294598496
116.19390735933096,39.93658525951325
116.15602509733078,39.7411971904089
116.69464198450005,39.90839811041789
116.67084398509914,40.12035008902483
116.13722904267055,39.74082511250803
116.38508985830588,39.84429910986671
116.64988804467072,40.14587803190722
116.2134059787305,39.76795915428705
116.22847873671301,39.90753857883821
116.22841396888576,39.90498807766264
115.98111998402719,39.72089188543143
116.65374716514158,40.33580540917272
116.15091697287883,39.746900097127345
116.63880600891632,40.337986057029546
116.22444920768689,39.908861633077954
116.34044892530972,40.06404112264462
116.6955335527187,40.289051416315004
116.44988903643757,39.96287515380741
116.18818506340185,39.72653218212008
116.55750576704128,40.16464754026864
116.19033390001226,40.19137421223453
116.19725148125296,39.72536339895418
116.87045151179103,40.39380667590826
116.68652902811722,40.291460253934176
116.23674727961016,39.879759356623495
116.8401770889854,40.36925772574637
116.51449022803487,39.796677571072685
116.726597496237,40.083895659788276
116.66654900679485,39.94263506774943
116.67827512759987,40.12788722289096
116.6647901145902,40.14122687853245
116.13176303330343,39.914618044340685
116.17612638989701,39.7308207633527
116.11191946458806,39.93814812239088
116.07333244827372,39.67436125165375
116.21353587370727,39.772013187948644
116.18397865802082,39.74972453594801
116.64204466977148,39.65624819103503
116.41852182497908,40.13338446229324
116.3293726387106,39.72188523350128
116.1495172332332,39.74031980458968
116.1704599685706,39.760564082486404
116.316653890317,39.76666310216808
116.10385609466937,39.949549501363116
116.23611029117303,39.9075600949336
116.83421081327978,40.391166740730384
116.63841443754451,40.14381668279928
116.50780458927687,39.81125214846453
116.83535821890769,40.37782349219975
116.39092965259569,39.85578201079515
116.6836386403083,40.12469828630032
116.37929291318888,39.8722869715305
116.23355326453888,39.899006875636886
116.18818506340185,39.72653218212008
116.01688502977093,39.71949809366785
117.10603725212415,40.150777791822
115.9829469577734,40.36778206409007
117.27671098715355,40.654390009290225
116.329255320011,39.638079499824585
116.86109296498807,40.397730325000275
116.11451215395093,39.90463045328668
116.33490350573555,39.74437637998908
116.64987591754635,40.33548223470536
116.68846029513313,39.896889974018066
116.07737620416843,39.663553451451634
116.17192699129896,39.77437208388243
116.43993374528436,39.887500817145686
116.11977972763088,39.91873426076333
116.32131919268733,39.529399593308035
116.66194617919226,40.18394050219339
116.41689418522554,39.84741727279092
116.44154970706627,40.074520504731524
116.13238816410784,39.91052101828298
116.66937821999849,39.882910569163904
116.13996285582905,39.741071662023785
116.64098439977802,40.32402767947262
116.85116695859449,40.40343200123935
116.14975214012405,39.733524624631045
116.64184003577627,40.341533127286866
116.83535821890769,40.37782349219975
116.18054479537838,39.89985765860721
117.27671098715355,40.654390009290225
116.36707191587841,39.8150296184568
116.17612638989701,39.7308207633527
116.87097504424227,40.37552205399397
116.82401154235006,40.37878209224441
116.41507987758705,40.07582794956865
116.64877899668812,40.322940334402325
116.4833999641651,39.87393299059096
116.11207226635528,39.93263921643143
116.50423948419943,39.80818935174332
116.45798294874358,39.77049593441205
116.1253086183837,39.9306217772864
116.01902479349569,39.713769589556065
116.48637587065856,39.87539319351464
116.17672618848604,39.76879050036656
117.10603725212415,40.150777791822
116.01583212588268,39.72166345014553
116.20992145165731,39.91477279174983
116.6647901145902,40.14122687853245
116.24077043066713,39.89581828214672
116.67946978409759,40.3777118504351
116.46340494114072,39.954572672147
116.19591974333441,39.92388870834631
116.82920895836969,40.380273037346015
116.66146235184459,40.18046585081472
116.39336675544426,39.9014584523518
116.40107116248113,39.86400892712814
116.2250352622016,39.91516052342874
116.55427698754677,40.109546312445886
116.64513322377586,40.30366271082582
117.10603725212415,40.150777791822
116.66024460889523,39.9325201261826
116.68349500125728,40.296661014552974
116.51482538582066,39.81708367065381
116.0709369706118,39.67714509363082
116.6795407502329,40.375274921895866
116.87407258130176,40.37700901830585
116.17806421454313,39.773199820738114
116.5090359259601,39.92513145940679
116.22852499944678,40.22966132208344
116.79672757858715,39.713914802687775
116.37346102398756,39.75042906719188
116.84703178884041,40.39435767383429
116.54391880637232,39.749493966812956
116.86773385447745,40.39612530725877
116.33399819344255,39.679142277464564
116.11714203316193,39.93340306268382
115.96506421032517,39.742117077574356
116.83381052834456,40.383523775937455
116.34822735272058,39.73003751005644
116.11185802049114,40.01258608868472
116.08532953166213,39.71907067515453
116.204256018467,39.91863804216565
116.11770823512488,39.94013345958985
116.85649831196564,40.38086955721396
116.53983097731863,39.860296064976936
116.46511495550949,39.88902017379011
116.84386517208719,40.366108403383826
116.0731019767214,39.66371008837429
116.4111900350677,39.97366775250335
117.27671098715355,40.654390009290225
116.11171905262873,39.911152703053276
116.63523578349749,40.316422013417366
116.32506499429859,39.69440207173474
116.4133836971231,39.91092454729957
116.63594697196972,40.325216973011344
116.63666525705551,40.328528759223424
116.0731019767214,39.66371008837429
116.20992145165731,39.91477279174983
116.07164528450642,39.938796077555935
116.3601758041394,39.74396076771149
116.19055299672613,39.93664708317953
116.50780458927687,39.81125214846453
116.316653890317,39.76666310216808
116.85788700245352,40.47856002911324
116.41332970896194,39.8690961560897
116.67604176044098,40.37626179590687
116.64032522376972,40.29819102546727
117.27671098715355,40.654390009290225
116.4133836971231,39.91092454729957
116.4390234923111,39.85308783633847
115.41452905480229,37.36406940272302
116.20992145165731,39.91477279174983
116.83535821890769,40.37782349219975
116.83930546314907,40.378800710370506
116.08532953166213,39.71907067515453
116.29403788130615,39.845276952870826
116.67767676629971,39.890855536261355
116.16017005861492,39.937986789582965
116.22936859815121,40.223026370809
116.68204998701393,39.941458091851885
116.82218438894276,40.37529518992273
116.66720944100578,40.35553410759444
116.64836775242563,40.337788969145066
116.32580016752796,39.68617294810686
116.42209115209242,39.97987362262962
116.64988804467072,40.14587803190722
116.1501388606461,39.9049496793143
116.67021220683395,40.117911113851726
116.13996285582905,39.741071662023785
116.68404602185707,40.11155787440765
116.6498908294178,40.340492329121254
116.65116579442812,40.334042745393646
116.07333244827372,39.67436125165375
116.64032522376972,40.29819102546727
116.44536714616144,39.78317412438452
116.11880219157491,39.92148587513433
116.3601758041394,39.74396076771149
116.10827926116993,39.94815809735727
116.42182803840856,39.987720045817596
116.48831234784643,39.98748254213782
116.4133836971231,39.91092454729957
116.86347563052277,40.388532127878364
116.37248744047585,40.080924706981904
116.65166965398865,40.34258037071378
116.86922595358378,40.3953748994029
116.37248744047585,40.080924706981904
116.63846519180584,40.31962036416433
116.01902479349569,39.713769589556065
116.1376848428863,40.24418291144091
116.54567373601661,40.10425994279292
116.20166503588457,39.93924162093981
116.23068802928422,39.91511127021414
116.44277104323758,40.08921405245084
116.64964442421642,40.14045813437584
116.65647397151713,39.900495046940044
116.2336357289847,39.90466504655672
116.23355326453888,39.899006875636886
116.52777011166988,39.826951969544155
116.54968242435491,39.7500239626141
116.3527898464058,39.87490601277932
116.56893517753642,39.85275396508811
115.9603037301056,39.7303462483239
116.5002169619563,39.81025905999376
116.86088608522915,40.38845079702159
116.6836386403083,40.12469828630032
116.3386612075143,39.700710595801134
116.40654956846429,39.98042878025901
116.64588380942152,40.3212165760955
117.10603725212415,40.150777791822
116.48934602799677,39.93169105308722
116.10137183078152,39.944533011625964
116.68225381253413,39.894194797317255
115.90338987774048,39.58916793943961
116.07737620416843,39.663553451451634
116.71700341372936,40.331959799958355
116.19705681844893,39.91693382289749
116.37796072611758,39.74487694219759
116.68253803639747,40.37064602455777
115.93227022022518,40.01727152705485
116.07589391024644,39.6777720702656
116.3342800817116,40.41691762312666
116.08532953166213,39.71907067515453
116.4133836971231,39.91092454729957
116.19461890712542,39.92560292043046
116.20644240424774,39.9166508313405
116.4133836971231,39.91092454729957
116.14280150124058,39.951141242516634
116.88114296430972,40.39861274684351
116.11273431751611,39.96202426132661
116.10208032433724,39.95362571391015
116.31855241157284,39.983436728740465
116.50520731855588,39.81506973022025
116.88114296430972,40.39861274684351
116.59143045428672,40.29647508597401
116.46886538101366,39.88300607704931
116.57027697647663,40.06115309552208
116.41581621861357,40.083366053927726
116.3840439612006,40.006495059101965
116.18394245630877,39.92072549168867
116.8401770889854,40.36925772574637
116.6517119641782,40.29720249506835
116.35302771770485,39.74036100057132
116.3140815924892,39.85514697290258
116.87407258130176,40.37700901830585
116.13238816410784,39.91052101828298
116.13708297819464,39.73903605878258
116.66697803750641,40.13904203901944
116.36511756241087,40.0365997450518
116.26842108273922,39.92696573796655
116.63650302308041,39.91847410362279
116.44639525681762,40.06834760176031
116.4133836971231,39.91092454729957
116.64203272230816,40.344979242225314
116.45506347749429,39.882684127446105
116.726597496237,40.083895659788276
116.6409540370518,39.90625514180348
116.3322190095495,39.74026009117825
116.85845248577206,40.38760361760849
116.65654791469078,39.902759501920094
116.19859157341273,39.72439639250268
116.1963648537146,39.93180786254685
116.17192699129896,39.77437208388243
116.6220979755835,39.934291105274895
116.6782047004479,40.13274843529265
116.44277104323758,40.08921405245084
116.85764993962944,40.41951019531353
116.21057865196845,39.91811751863293
116.5024066714674,39.76900596099146
116.44534702411802,39.96759644880943
116.87045151179103,40.39380667590826
116.2336357289847,39.90466504655672
116.64190525275629,39.670355718826755
115.41452905480229,37.36406940272302
116.37802091258676,39.84748748694151
116.2250352622016,39.91516052342874
116.63826163577728,40.346941635135416
116.13857021279695,39.74586349256013
116.40716203316099,40.05437506565578
116.8389375172122,40.382026445710856
116.51771011430485,39.800757962850206
116.87097504424227,40.37552205399397
116.10955701092732,39.94744807206647
116.85347596307733,40.3794890277834
116.67680478114114,40.03682734021231
116.3409492814788,39.73152361664864
116.6553458794577,40.18033913441057
117.27671098715355,40.654390009290225
116.63880600891632,40.337986057029546
116.4133836971231,39.91092454729957
116.63650302308041,39.91847410362279
116.19943005177576,39.937726844488
116.22852499944678,40.22966132208344
116.73237800236319,40.21323404725804
116.48720599478035,39.803540056259386
116.17598939830671,39.94074101234216
116.07164528450642,39.938796077555935
116.24064826111778,39.85373424852367
116.48727597277956,39.793877387920645
116.21622135802937,39.90785391694392
116.86347563052277,40.388532127878364
116.05090403909487,40.491433020802624
116.2250352622016,39.91516052342874
116.84769963229314,40.373533433462384
116.48727597277956,39.793877387920645
116.63841443754451,40.14381668279928
116.4133836971231,39.91092454729957
116.38072103928863,39.85883761510765
116.63847839689684,40.310566845324544
116.66092121260536,40.14752761731012
116.19471799022315,39.926777058809854
116.1704599685706,39.760564082486404
116.65374716514158,40.33580540917272
116.44011520299736,39.85793688589644
116.46994994447589,39.80315949516172
116.48990297741292,39.79829610601865
116.07247334252553,39.6606812250671
116.70869651318694,39.88772815187519
116.2355227993695,39.9070044793671
116.6369763402536,40.30086831042365
116.31641386308478,39.76299679492191
116.333788439106,39.776966366326015
116.16017005861492,39.937986789582965
116.11583940034193,39.944229045460226
116.69830302860592,39.892548092111724
116.51058286855816,39.90040406102066
116.57027697647663,40.06115309552208
116.29403788130615,39.845276952870826
116.43696628286268,39.866110514927456
116.07451420281365,39.67990112403047
116.57969696737648,39.96443326380399
114.54561160958328,38.04325613649811
116.20644240424774,39.9166508313405
116.33783467661458,39.731661300969044
116.63698945551405,40.33145558789925
116.63698945551405,40.33145558789925
116.87160955054445,40.384282951932896
116.8387539933965,40.466084008173105
116.86701513389319,40.39240986000689
116.4399052689997,39.9670781668943
116.67175998722769,40.140058039949324
116.4133836971231,39.91092454729957
116.17192699129896,39.77437208388243
116.32415815488626,40.084337075337096
116.8387539933965,40.466084008173105
116.4250109144915,40.112455239460495
116.82185093793748,40.370964906643096
116.41372397525028,40.112200033088726
115.90498005815424,40.382930920715296
116.16017005861492,39.937986789582965
116.73750400309477,40.21441807463851
116.13039527333395,39.96763557209011
116.51155438596716,39.86258904832325
116.83535821890769,40.37782349219975
116.66685344253216,39.9223930257293
116.19055299672613,39.93664708317953
116.4133836971231,39.91092454729957
116.86337942200264,40.39134313346911
116.48915998892565,39.788316111324896
116.56585988262908,39.78649202649478
116.85483105693912,40.482154996290504
115.99196989763784,39.694704377835905
116.17598939830671,39.94074101234216
116.38695797444441,39.86845210490686
116.50515225242813,39.939379646824015
116.26166995750955,39.90075810972683
116.87097504424227,40.37552205399397
116.36309960891327,40.10834947256891
116.66859597556042,39.87804509549781
116.67827512759987,40.12788722289096
116.67096103430708,40.20982406689879
116.6836386403083,40.12469828630032
116.25339907901808,40.2193275161717
116.87326087244293,40.387832294598496
116.19435309852501,39.93900014411874
116.68897322757931,39.937424714979855
116.31142188953524,39.890509394093996
116.65229397631808,40.324727561715946
116.66431495443544,40.209917521798296
116.42355610871807,40.08068318280086
115.90989846048248,39.58495445787599
116.83535821890769,40.37782349219975
116.84647343863355,40.36545401676192
116.69464198450005,39.90839811041789
116.44781206426796,39.76965386391049
116.11813043871456,39.93573106367722
116.6128438118808,39.91996025776528
116.16017005861492,39.937986789582965
116.82185093793748,40.370964906643096
116.48045909158655,39.87212395948613
117.10603725212415,40.150777791822
116.34097102047213,39.74118609398636
116.69841100492823,40.11079989857959
116.10137183078152,39.944533011625964
116.19278259100193,39.93768970939318
116.48516989551142,39.80042944785495
116.1442425629397,39.745961273030936
116.69929098500582,39.94174609706381
116.84687719046214,40.360605923703375
116.23547042815828,40.2990809280586
116.40897355605242,39.712066417028325
116.85764993962944,40.41951019531353
116.65863412677696,40.1193222735393
116.3589387476216,40.04603712036618
116.34166702758124,39.759566096222045
116.51449022803487,39.796677571072685
116.21353587370727,39.772013187948644
116.43067976124277,40.06775161460828
116.64605057336266,39.657134431919296
116.32958670491361,39.6857672546671
116.65560768042076,39.9469232284201
116.6682144652103,39.89719152270155
116.13448606679584,39.91139766870257
116.66378995125149,39.90508113302945
116.26192292034115,39.8800373801261
116.83930546314907,40.378800710370506
116.848287889435,40.368368938273605
116.06913101721456,39.69192708119229
115.90989846048248,39.58495445787599
116.23484592616774,39.897182665852455
116.08532953166213,39.71907067515453
116.05090403909487,40.491433020802624
116.68897322757931,39.937424714979855
116.84386517208719,40.366108403383826
116.84592274085779,40.361288174956215
116.07164528450642,39.938796077555935
116.19435309852501,39.93900014411874
116.59635649221177,39.77630064899788
116.85764993962944,40.41951019531353
116.13376992309973,39.733780928874424
116.54423842347276,40.110323270962354
116.64987591754635,40.33548223470536
116.17192699129896,39.77437208388243
116.64184003577627,40.341533127286866
116.5626700355876,39.95708605382415
116.24064826111778,39.85373424852367
116.23611029117303,39.9075600949336
116.23611029117303,39.9075600949336
116.24064826111778,39.85373424852367
116.43764513233658,39.90365657632371
116.21057865196845,39.91811751863293
116.07247334252553,39.6606812250671
116.15581615146915,39.72635362991566
117.10603725212415,40.150777791822
116.17142223343288,39.7667623087384
117.27671098715355,40.654390009290225
116.06913101721456,39.69192708119229
116.4133836971231,39.91092454729957
116.15366021824521,39.75426149285885
116.0731019767214,39.66371008837429
116.66720944100578,40.35553410759444
116.85788700245352,40.47856002911324
116.64862341017378,40.32957861241627
116.15191804453917,39.908194090263
117.27671098715355,40.654390009290225
116.11327518726368,39.945241269637656
116.38698945679171,39.85475630654337
116.86109296498807,40.397730325000275
116.18054479537838,39.89985765860721
115.95384985416916,39.60819017235344
116.67329968287176,40.08939751872567
116.18282244899893,39.900393820772685
116.87160955054445,40.384282951932896
116.1002596387296,39.940050824803855
116.63298827826746,40.32835182394651
116.64190525275629,39.670355718826755
116.52777011166988,39.826951969544155
116.10707490297271,39.94189234654157
116.66431495443544,40.209917521798296
116.18349851372574,39.84146909591423
116.34314608760343,39.73451071458748
116.34332601819708,39.90028007088735
116.20948002432974,39.92136309934227
116.4133836971231,39.91092454729957
116.66510695695965,39.94667809175178
116.20644240424774,39.9166508313405
116.17529096577272,39.901343182070015
116.13409997508764,39.915262073483184
116.64836775242563,40.337788969145066
116.31570626783454,39.84827631786753
116.341531832602,39.74858236164688
116.56091519577387,40.114323251736046
116.67767676629971,39.890855536261355
116.25936921743737,39.844362956428476
116.8387539933965,40.466084008173105
116.52036200200087,39.92289705453005
116.11264808018714,39.95273598838744
116.1501388606461,39.9049496793143
116.2253766182954,39.764092485597814
116.66156898070862,40.1268670388764
116.54557600037712,40.095086036868814
116.4133836971231,39.91092454729957
117.10603725212415,40.150777791822
116.30433928957237,40.22054442207961
116.35541819849743,40.07005767955038
116.21403667902908,39.77461352142407
116.66194617919226,40.18394050219339
115.96506421032517,39.742117077574356
116.50481763362563,39.79086440166167
116.66697803750641,40.13904203901944
116.3856689060376,39.77315101932884
116.40935623419966,39.70903851176745
116.1055795836208,39.94627415282393
116.87776865932257,40.39237022726501
116.88114296430972,40.39861274684351
116.05090403909487,40.491433020802624
117.10603725212415,40.150777791822
116.1473480050877,39.9039470942211
116.17416790422415,39.765879774229774
116.5002169619563,39.81025905999376
116.67680478114114,40.03682734021231
116.46688982753612,39.99398819745472
116.13448606679584,39.91139766870257
117.07751713014898,40.1500534150064
115.41452905480229,37.36406940272302
116.32617098804249,40.06817104931053
116.68652902811722,40.291460253934176
116.4133836971231,39.91092454729957
116.8554047148378,40.389587771436965
116.21095558096043,39.92286115634888
115.98949021510808,39.700420113196245
116.46384816507931,39.88425638747582
116.6553458794577,40.18033913441057
116.17806421454313,39.773199820738114
116.67604176044098,40.37626179590687
116.40120411169659,40.18120299240962
116.01904796977784,40.01335304126759
116.65247570352275,40.32650387800364
116.49020351901385,39.80603114770652
116.329255320011,39.638079499824585
116.23484592616774,39.897182665852455
116.30745353511439,39.891837000963065
116.1002596387296,39.940050824803855
116.85764993962944,40.41951019531353
116.38508985830588,39.84429910986671
116.55958103243044,40.11010606284613
116.67084398509914,40.12035008902483
116.30502122177927,39.90225602165013
116.64193202226049,40.31288000835479
116.16534663394673,39.73781172704784
116.35444398617187,40.0348340611979
116.63632686536987,39.88197769922303
116.65495296062763,40.137785047622316
116.86704486780556,40.38646056438882
116.44987502287162,39.87422204348663
116.22589044545387,39.904402099555995
116.52777011166988,39.826951969544155
116.40654956846429,39.98042878025901
116.39289496539041,39.86424305544489
116.24064826111778,39.85373424852367
116.30453350322365,39.847752278116545
116.34330086564279,39.8007073795433
116.37540280117793,39.81305670021641
116.17529096577272,39.901343182070015
116.63896393102495,39.90252106078517
116.4133836971231,39.91092454729957
116.23611029117303,39.9075600949336
116.15366021824521,39.75426149285885
116.1733069682234,39.76960110850997
116.87206603628412,40.37921601002697
116.69841100492823,40.11079989857959
116.69830302860592,39.892548092111724
116.15990038730081,39.728089256898976
116.6409540370518,39.90625514180348
116.56177685041901,39.78440977246035
116.11273431751611,39.96202426132661
116.38850000568284,39.80425130772541
116.84894374228784,39.803777856892864
116.84592274085779,40.361288174956215
116.23726901545037,40.22456506138226
116.45906882044405,39.81721176110026
116.85576745060274,40.383786402937346
116.4133836971231,39.91092454729957
116.8189890264132,40.37470315489107
115.90989846048248,39.58495445787599
116.87407258130176,40.37700901830585
116.83714800280576,40.37150606138387
116.20078298970434,39.93926527068537
116.12401011776902,39.93360859775469
116.67624899952213,40.01453008210408
116.33118101753271,40.0809530687648
116.85608229032586,40.38815843347372
116.50815591656185,39.80769625127198
117.02529620542907,40.06941367059056
116.54968242435491,39.7500239626141
116.24659297749115,39.90677506436785
116.15366021824521,39.75426149285885
116.23611029117303,39.9075600949336
116.59477879824459,39.77783572626663
116.31826167751879,40.088731131505725
116.11994241075874,39.94119117596664
116.63466895272067,40.339378029546324
116.65247570352275,40.32650387800364
115.98111998402719,39.72089188543143
116.23611029117303,39.9075600949336
116.316653890317,39.76666310216808
116.842701417299,40.386838790773616
116.64353630607077,40.32214465120811
116.10707490297271,39.94189234654157
116.01702696204151,39.71340208031555
116.36131584366208,39.74205251110924
116.31224060517704,40.0981277705977
116.46183326582045,39.95661525554112
116.23611029117303,39.9075600949336
116.07133465046108,39.69278405904731
116.25958714635411,39.61415561343708
116.66143544689388,39.93068377248429
116.82185093793748,40.370964906643096
116.65755103982359,40.191310072050975
116.29831336638092,40.21141106438544
116.42223335385464,40.135365457642635
116.43139804632857,39.939319969334356
116.62460864965334,40.13834449477078
116.85737029712419,40.371809273774964
116.5412825491922,39.74885620506673
116.64588380942152,40.3212165760955
116.84743282594481,40.389681987260424
116.4133836971231,39.91092454729957
116.19725148125296,39.72536339895418
116.14438404605751,39.750404658356864
116.01702696204151,39.71340208031555
116.6606839701202,40.145057084773434
116.6782047004479,40.13274843529265
115.96323364335693,39.68652769364335
116.54423842347276,40.110323270962354
116.83535821890769,40.37782349219975
116.6498908294178,40.340492329121254
116.65856666403316,39.83881895447633
116.87045151179103,40.39380667590826
116.17192699129896,39.77437208388243
116.29717296753596,39.84189207853161
116.1539730082238,40.23668364345113
116.85174151479868,40.38647272317077
116.67096103430708,40.20982406689879
116.41266289678188,39.70937648647824
116.63670130420509,40.31243094616312
116.66211299452549,39.8939681069813
116.23611029117303,39.9075600949336
116.67684798963622,40.211611072173916
116.50815591656185,39.80769625127198
116.85737029712419,40.371809273774964
116.86701513389319,40.39240986000689
116.83535821890769,40.37782349219975
116.507528270502,39.9368506721256
116.6459675699335,40.33171780064381
116.4133836971231,39.91092454729957
115.96323364335693,39.68652769364335
116.01583212588268,39.72166345014553
116.06913101721456,39.69192708119229
116.65429019082237,39.91378999790196
116.67729543561069,39.885892497385846
116.2355227993695,39.9070044793671
116.33383416285645,39.756805507357896
116.34314608760343,39.73451071458748
116.3863595233137,39.806302913121705
116.86572902989454,40.39569345747324
116.45798294874358,39.77049593441205
116.85788700245352,40.47856002911324
116.15091697287883,39.746900097127345
116.4133836971231,39.91092454729957
116.16017005861492,39.937986789582965
116.67680478114114,40.03682734021231
116.64588380942152,40.3212165760955
116.41743864819513,39.875680232942784
116.22643904422205,40.23436206850681
116.8507903889247,40.37389853673205
116.46994994447589,39.80315949516172
116.36864116577377,39.86967949340442
116.19945098229414,39.92880007596673
116.6385637359203,40.11958441866658
116.66809283464428,40.18456915597397
116.18054479537838,39.89985765860721
116.48278282827977,39.87302450097403
116.40911899171448,39.850218165743264
116.86572902989454,40.39569345747324
116.11813043871456,39.93573106367722
116.42270685068895,39.87036921912407
116.54968242435491,39.7500239626141
116.10151654779919,39.94829168001734
116.47203298590294,39.88113008384472
116.4133836971231,39.91092454729957
116.35023326892441,39.726920708441476
116.34934430579172,39.79163060274426
116.4133836971231,39.91092454729957
116.42834704149445,39.781731074255156
116.63887230386295,40.344721205616004
116.69406958422907,39.94382156547787
116.848287889435,40.368368938273605
116.11516908477036,39.94232915693557
116.19215054324509,39.91435040035906
116.51015240055777,39.905023639356905
116.64862341017378,40.32957861241627
116.88114296430972,40.39861274684351
116.66194617919226,40.18394050219339
116.11770823512488,39.94013345958985
116.64013242415912,39.90476031779818
116.63367677428492,40.32590116648271
116.31834656738948,39.75430337383165
116.35444398617187,40.0348340611979
116.19055299672613,39.93664708317953
116.62511915667466,40.29683600568565
116.47722815615879,39.90004219186226
116.24395330675009,39.90652433973154
116.11184777980831,39.948308827254884
116.21781378420691,39.92252562156472
116.11998184637064,39.928900153234096
116.19292640971408,39.744468129196896
116.85158898252308,40.40609301522951
116.38020541192593,39.987279381506845
116.22927786929468,39.78100184409314
116.6571205718232,40.144174217635296
116.14210172124834,39.73756086568381
116.4133836971231,39.91092454729957
116.06913101721456,39.69192708119229
116.64652802274121,40.328916113653534
116.1733069682234,39.76960110850997
116.12243907126263,39.93647751746364
116.39546169372407,39.865772900101526
116.1531546519042,39.754209210946215
116.65755103982359,40.191310072050975
116.65374716514158,40.33580540917272
116.86981182843736,40.38178462744285
116.8401770889854,40.36925772574637
116.66718500709591,40.35351856538982
116.18349851372574,39.84146909591423
116.67680478114114,40.03682734021231
116.10137183078152,39.944533011625964
116.85158898252308,40.40609301522951
116.46531087594124,39.89641218475853
116.23611029117303,39.9075600949336
116.87045151179103,40.39380667590826
116.52638576925912,39.784269907203296
116.64862341017378,40.32957861241627
116.63841443754451,40.14381668279928
116.37540280117793,39.81305670021641
116.29153987334401,39.844339619893866
116.13176303330343,39.914618044340685
116.67946978409759,40.3777118504351
116.1965589775353,39.77775206246416
117.10603725212415,40.150777791822
116.63632686536987,39.88197769922303
116.42191562319576,40.05177727008128
116.82622487729608,40.37491263846726
116.34608956526795,39.89555589220318
116.17694503490505,39.93805342626825
116.15990038730081,39.728089256898976
116.84449641136904,40.38461631945644
116.66291059998777,40.35396247509789
116.10632930939943,39.945658697945795
116.56497814176493,39.75497360458251
116.17192699129896,39.77437208388243
116.87097504424227,40.37552205399397
116.07780496538835,39.6789094573217
115.98577293707724,40.456592196488245
116.86704486780556,40.38646056438882
116.6409540370518,39.90625514180348
116.85764993962944,40.41951019531353
116.4133836971231,39.91092454729957
116.84386517208719,40.366108403383826
116.66510695695965,39.94667809175178
116.6836386403083,40.12469828630032
117.10603725212415,40.150777791822
116.0731019767214,39.66371008837429
116.67317913027235,39.90486291972303
116.07133465046108,39.69278405904731
116.85536303346217,40.379359663947746
116.10151654779919,39.94829168001734
114.54561160958328,38.04325613649811
116.17679068682163,39.90112903898086
116.86378967812904,40.386049294003506
116.18605455222384,39.755927073810035
117.27671098715355,40.654390009290225
116.23611029117303,39.9075600949336
116.64544295951569,40.337770270857305
117.10603725212415,40.150777791822
116.15606650921478,39.7307633306315
116.41360198536202,39.861525815928346
115.41452905480229,37.36406940272302
116.63518637669443,40.326800831411575
116.48831234784643,39.98748254213782
116.3409492814788,39.73152361664864
116.41689418522554,39.84741727279092
117.27671098715355,40.654390009290225
116.85465355177037,40.376494565236456
116.5002169619563,39.81025905999376
116.13488796868099,39.743477467026246
116.56203816749188,39.74539747307517
116.57509090587408,39.87029549827231
116.17254637294808,39.76266199704321
116.84862717942612,40.403471627418924
116.69305288205288,39.89198155872849
116.85306103576227,40.48214210038622
116.66093495667968,40.13005208030852
116.57478036165926,39.78741937048011
116.1704599685706,39.760564082486404
116.43438222980896,39.911881213082815
116.19591974333441,39.92388870834631
116.66267012360277,40.186692162655376
116.68376107934931,39.94986187884208
116.07780496538835,39.6789094573217
116.17806403488206,40.055980084788814
116.60311803778538,39.90682404688749
116.19943005177576,39.937726844488
116.2250352622016,39.91516052342874
116.6646104219397,39.92044225713799
116.64986900059392,40.336879140154146
115.98608464908921,40.36654068557079
116.69099001327976,39.92485710792502
116.65576700508078,40.13950108911008
116.87206603628412,40.37921601002697
114.54561160958328,38.04325613649811
116.06773729621582,39.71334595120553
116.23611029117303,39.9075600949336
116.5002169619563,39.81025905999376
116.59143045428672,40.29647508597401
116.13488796868099,39.743477467026246
116.0731019767214,39.66371008837429
116.85777704985908,40.39235175029413
116.54894940705873,40.093336231059105
116.13227560642744,39.907853294294426
116.14760420181914,39.73336280658377
116.30784501665563,39.94885504747352
116.34177320729252,39.72693388819229
116.2590638833945,39.90562071327349
116.84769963229314,40.373533433462384
116.13176303330343,39.914618044340685
116.13409997508764,39.915262073483184
116.11491136091958,39.913586893241046
116.49020351901385,39.80603114770652
116.31883470660358,39.760574413100294
116.7035440124428,39.924742084827905
116.32304398656223,39.652154030267404
116.37739641059622,39.85353214151716
116.85306103576227,40.48214210038622
116.23303063039316,39.89772950492703
116.01904796977784,40.01335304126759
116.71473052112802,40.331909818921595
116.83535821890769,40.37782349219975
116.25590014121893,39.88407866291805
116.21781378420691,39.92252562156472
116.6416239834108,40.32871108999666
116.4133836971231,39.91092454729957
116.5002169619563,39.81025905999376
116.70840124016581,39.87643219159667
116.694981656271,39.92127535774594
116.40919894090487,39.79180309382408
116.26347582107624,39.87376603706593
116.82185093793748,40.370964906643096
116.84687719046214,40.360605923703375
116.66636826772623,39.87236186695454
116.70225701013868,39.9519830761006
116.55822737585743,39.95293385981706
116.56041358197709,40.09492418069987
116.15742286070429,39.744947192599376
116.13238816410784,39.91052101828298
116.34634890606873,40.09708678440699
116.13448606679584,39.91139766870257
116.06797687429531,39.721850478008825
116.07164528450642,39.938796077555935
116.10707490297271,39.94189234654157
116.19725148125296,39.72536339895418
116.08532953166213,39.71907067515453
116.66077829219873,39.90253095476925
116.10827926116993,39.94815809735727
116.63466895272067,40.339378029546324
116.85705076985428,40.38811235243552
116.86102999377184,40.374964030205305
116.12768598391584,39.72529708244907
116.86701513389319,40.39240986000689
116.55730948728737,39.918570875831584
116.66194617919226,40.18394050219339
116.25006663506771,39.906091035013226
116.32841199079823,39.678398555249
116.09770916972569,39.95362571391015
116.86704486780556,40.38646056438882
116.64862341017378,40.32957861241627
116.40837896763536,40.18921904102419
116.14737297798088,39.903929451469224
116.36334287739349,40.088074519587664
116.19648298088914,39.77768808419308
116.42787695822108,39.85363565305998
116.19055299672613,39.93664708317953
116.23355326453888,39.899006875636886
116.15742286070429,39.744947192599376
116.16655000400787,39.938035058075755
116.19055299672613,39.93664708317953
116.07911334736364,39.65736808985407
116.17192699129896,39.77437208388243
116.85737029712419,40.371809273774964
116.54375603341393,39.923141424496215
116.34314608760343,39.73451071458748
116.07889371166642,39.65188139696359
116.68022013869007,40.37419163844816
116.65856666403316,39.83881895447633
116.17806421454313,39.773199820738114
116.6553458794577,40.18033913441057
116.68846029513313,39.896889974018066
116.29403788130615,39.845276952870826
116.64912358668172,39.884217769795974
116.83571996653654,40.3842200134497
116.41774676698505,39.868863567371655
116.16017005861492,39.937986789582965
116.59143045428672,40.29647508597401
116.6517119641782,40.29720249506835
116.00169800732759,39.80277807702552
116.59653803975534,39.821977053473454
116.66631418973455,39.928240691814366
116.07451420281365,39.67990112403047
116.42773897849476,40.13578605828357
116.66889538078688,40.11254076786642
116.42773897849476,40.13578605828357
116.41581621861357,40.083366053927726
116.16655000400787,39.938035058075755
116.23611029117303,39.9075600949336
116.87003164379568,40.38488210214758
116.31465183682691,39.845459349056384
116.12243907126263,39.93647751746364
116.42367324775658,40.13046299127812
116.21403667902908,39.77461352142407
116.84647343863355,40.36545401676192
116.67021220683395,40.117911113851726
116.65235003058191,39.87694106022701
116.67963255705601,39.88805673053098
116.4225174053152,39.676336875479095
116.0797513239368,39.71947395128768
116.42025896817428,40.0685690853971
116.4477359777913,39.812842071424015
116.68212912772934,39.946588550550146
116.56585988262908,39.78649202649478
116.50884940841551,39.91814304340149
116.68189404117737,39.9075480569904
116.63730970142835,40.328036621981894
114.54561160958328,38.04325613649811
116.43845279882059,40.076108206686506
116.05090403909487,40.491433020802624
116.85788700245352,40.47856002911324
116.17529096577272,39.901343182070015
116.23611029117303,39.9075600949336
116.31834656738948,39.75430337383165
116.6386055071265,40.34024094310771
116.50481763362563,39.79086440166167
116.13813615157451,39.735949768650315
116.33123518535496,39.54513509254048
116.84520993543562,40.38405452459847
116.43314300478168,39.850598095056846
116.6795407502329,40.375274921895866
116.66720944100578,40.35553410759444
116.34330993852845,39.89494274551027
116.67003254573194,40.191116755510336
116.449407993837,39.85944457940868
116.07333244827372,39.67436125165375
116.4186351552022,40.077275842841395
116.4133836971231,39.91092454729957
116.17529096577272,39.901343182070015
116.66267012360277,40.186692162655376
116.674602675014,40.12777785416573
116.47203298590294,39.88113008384472
116.83535821890769,40.37782349219975
116.52365366288107,39.917969419447886
116.49056996925407,39.80475316340582
116.18394245630877,39.92072549168867
116.20644240424774,39.9166508313405
116.3409492814788,39.73152361664864
116.1927864537156,39.744729090178296
117.10603725212415,40.150777791822
116.50815591656185,39.80769625127198
116.19881102944885,39.90728322170021
116.67680478114114,40.03682734021231
116.83735991307556,40.35793986812249
116.39546169372407,39.865772900101526
116.26324208198255,40.217703655177814
116.346934241939,39.74156586802397
116.63859454779929,40.328367464012935
116.5070547736677,39.7677148508636
116.59467396599159,39.82029805155192
116.86922595358378,40.3953748994029
116.1019798039507,39.96022932638976
116.17529096577272,39.901343182070015
116.64137004233343,39.91398410894172
116.34314608760343,39.73451071458748
116.14280150124058,39.951141242516634
116.14159022609094,39.753186446652286
116.4477359777913,39.812842071424015
116.2420634516182,39.869707736023976
116.66433504303494,40.191263844233106
116.4510352742683,39.854350189986455
116.41581621861357,40.083366053927726
116.12850784362692,39.72987526757292
116.64513322377586,40.30366271082582
116.63847839689684,40.310566845324544
116.6369763402536,40.30086831042365
116.64190525275629,39.670355718826755
116.86102999377184,40.374964030205305
116.65856666403316,39.83881895447633
116.52638576925912,39.784269907203296
116.64836775242563,40.337788969145066
116.4133836971231,39.91092454729957
116.67020852378137,39.887696733361174
116.1857689809022,39.89938507959583
116.1704599685706,39.760564082486404
116.69160984408165,39.87048765686986
116.66024460889523,39.9325201261826
116.66291059998777,40.35396247509789
116.6955335527187,40.289051416315004
116.17529096577272,39.901343182070015
116.67102400552336,39.87645406361281
116.2355227993695,39.9070044793671
116.59173747707204,39.91109052592672
116.67300647595331,40.138327809330185
116.35777903520822,39.76055111721712
116.70840124016581,39.87643219159667
116.48138993426106,39.87897356153191
116.4133836971231,39.91092454729957
116.85347596307733,40.3794890277834
116.19705681844893,39.91693382289749
115.96513023578017,40.5264568851876
116.6782047004479,40.13274843529265
116.2250352622016,39.91516052342874
116.07957848995669,39.716058065493534
116.67133203448273,39.87567704900592
116.4111900350677,39.97366775250335
116.18150220939093,39.90062637088878
116.70288196128195,40.29897706499982
116.16017005861492,39.937986789582965
116.83535821890769,40.37782349219975
116.2867539710785,39.84735509096793
117.03138734560059,40.14701133340791
116.85582089978058,40.481617344716
116.8401770889854,40.36925772574637
116.34155599702021,39.74481508294889
117.27671098715355,40.654390009290225
116.1857689809022,39.89938507959583
116.8387539933965,40.466084008173105
116.34332601819708,39.90028007088735
116.8740009863526,40.39050904173703
116.86109296498807,40.397730325000275
116.19705681844893,39.91693382289749
116.85737029712419,40.371809273774964
116.23829497017329,40.223131040069326
116.23355326453888,39.899006875636886
116.85788700245352,40.47856002911324
116.61598590489359,39.93286951231318
116.23484592616774,39.897182665852455
116.67579104337317,40.039208066752636
116.87097504424227,40.37552205399397
116.2336357289847,39.90466504655672
116.86347563052277,40.388532127878364
116.67372998665293,39.888857554881625
116.1002596387296,39.940050824803855
116.31834656738948,39.75430337383165
116.20992145165731,39.91477279174983
116.65863412677696,40.1193222735393
116.18282244899893,39.900393820772685
116.07742632961588,39.73509992030528
116.15736303355732,39.9414041555659
116.50780458927687,39.81125214846453
116.1733069682234,39.76960110850997
116.56679541381163,40.07484355534475
116.41939919997068,39.845343291403324
116.50259163257192,39.794469200212795
116.64184003577627,40.341533127286866
116.2134059787305,39.76795915428705
116.21790316560515,40.22628880746736
116.47899638072464,39.99304496797153
116.6459675699335,40.33171780064381
116.52365366288107,39.917969419447886
116.65576700508078,40.13950108911008
116.15366021824521,39.75426149285885
116.2250352622016,39.91516052342874
116.50815591656185,39.80769625127198
116.67963255705601,39.88805673053098
116.1019798039507,39.96022932638976
116.20785651678156,39.94140795876697
116.58476897994692,39.93558507754611
116.10137183078152,39.944533011625964
116.57771997661013,39.9014410857132
116.22031834979929,39.813639201294116
116.4409905118863,39.76991549127346
116.726597496237,40.083895659788276
116.29809004763109,39.8213541692284
116.59953900897251,40.055884060844726
116.6553458794577,40.18033913441057
116.24303802326595,40.21825603400881
116.70619590013882,39.941186957857454
116.64588380942152,40.3212165760955
116.17672618848604,39.76879050036656
116.40208085787434,39.86131694744885
116.11273431751611,39.96202426132661
116.17192699129896,39.77437208388243
116.64119101004532,40.31949700439593
116.56091519577387,40.114323251736046
116.15300131115364,39.73757057556849
116.84769963229314,40.373533433462384
116.65210102029457,40.16829406139965
116.8189890264132,40.37470315489107
116.2763775543022,39.88703943257472
116.41507987758705,40.07582794956865
116.65022365160922,40.323239710163385
116.15366021824521,39.75426149285885
116.41027996175556,39.72342708314901
116.31426412816882,39.841944154795385
116.46994994447589,39.80315949516172
116.49995654318893,39.966325482891335
116.19435309852501,39.93900014411874
116.21987289536808,39.90448403167967
116.51482538582066,39.81708367065381
116.66720944100578,40.35553410759444
116.84687719046214,40.360605923703375
116.11709165725792,39.915416408232076
116.08532953166213,39.71907067515453
116.65576700508078,40.13950108911008
116.64303365911488,40.340667337471
116.11526933566529,39.9108023058635
116.63826163577728,40.346941635135416
116.37540280117793,39.81305670021641
116.66291059998777,40.35396247509789
116.50259163257192,39.794469200212795
116.4316838871418,39.792011551726816
116.54567373601661,40.10425994279292
116.56568888108444,40.076307098129405
116.13517659424136,39.90725582488717
116.4133836971231,39.91092454729957
116.87407258130176,40.37700901830585
116.24634702144256,39.86855905492878
116.85394245312868,40.37408411300298
116.6369763402536,40.30086831042365
116.17184749126132,39.768124356702735
116.37739641059622,39.85353214151716
115.97338305833088,39.72776129399046
117.27671098715355,40.654390009290225
116.19390735933096,39.93658525951325
116.69841100492823,40.11079989857959
116.1002596387296,39.940050824803855
116.11431443690815,39.9051710748986
116.28849596512345,39.84565607879102
116.20951101586981,39.909836058092544
116.41000202603078,39.86151307753095
116.21098100300637,39.952771041125104
116.85705076985428,40.38811235243552
116.66631418973455,39.928240691814366
116.32607199477528,39.89345687459736
116.3545354336728,39.898752801104266
116.8740009863526,40.39050904173703
116.86501388887804,40.39090166992533
116.42703174256674,40.06583606871652
116.44639525681762,40.06834760176031
116.13267005237684,39.96204907831097
116.67946978409759,40.3777118504351
116.34634890606873,40.09708678440699
116.5512901217261,39.76468628935537
115.98907160474043,39.712933827528964
116.65166965398865,40.34258037071378
116.3043462065248,39.70585150372129
116.0709369706118,39.67714509363082
116.3331731578622,39.67681935201421
116.12249889840959,39.73666748103654
116.68541414114878,39.94131357016866
116.11491136091958,39.913586893241046
116.14280150124058,39.951141242516634
116.6523253271804,40.331420800289656
116.48138993426106,39.87897356153191
116.42330143910601,40.12519412160246
116.41898112858631,39.861478739230535
116.41507987758705,40.07582794956865
116.48464366814369,39.789895064576356
117.10603725212415,40.150777791822
116.62721571190437,39.66462948990371
116.48727597277956,39.793877387920645
116.51449022803487,39.796677571072685
116.18349851372574,39.84146909591423
116.33399819344255,39.679142277464564
116.10706493178157,39.94527729427897
116.84118840132855,40.35672284147919
116.84743282594481,40.389681987260424
116.64491448638418,40.13375729102961
116.33051896637188,39.688723104947854
116.15581615146915,39.72635362991566
116.63887230386295,40.344721205616004
116.6448799914526,40.3291471226837
116.65204002535043,39.877711900357355
116.20948002432974,39.92136309934227
117.27671098715355,40.654390009290225
116.41743864819513,39.875680232942784
116.64735203838549,39.901401093994714
116.16227505791643,39.76839860708204
116.48727597277956,39.793877387920645
116.18054479537838,39.89985765860721
116.11264808018714,39.95273598838744
116.23611029117303,39.9075600949336
116.0731019767214,39.66371008837429
116.34483400365669,39.78059608904561
116.62906289752456,39.91157684380896
116.85737029712419,40.371809273774964
116.3989217868874,39.856580577077715
116.1857689809022,39.89938507959583
116.05090403909487,40.491433020802624
116.69392405873646,39.880282457904976
116.84449641136904,40.38461631945644
116.67729543561069,39.885892497385846
116.67946978409759,40.3777118504351
116.87428997123516,40.38647189884666
116.43139804632857,39.939319969334356
116.39336459951105,40.090910492754055
116.3817651397829,39.84801429849607
116.07247334252553,39.6606812250671
116.14175174142164,39.90992163525568
116.12206250159285,39.925386571323116
116.66146235184459,40.18046585081472
116.01904796977784,40.01335304126759
116.41421022802281,39.824533022096794
116.70288196128195,40.29897706499982
116.21987289536808,39.90448403167967
116.66078475999842,40.19238281030322
116.64588380942152,40.3212165760955
116.21943720192452,39.81607217025446
116.86347563052277,40.388532127878364
116.44296588570272,39.760805638176436
116.32326739514255,39.75360332029264
116.6409540370518,39.90625514180348
116.07247334252553,39.6606812250671
116.4133836971231,39.91092454729957
116.316653890317,39.76666310216808
116.60990725116869,40.00603531175654
116.15990038730081,39.728089256898976
116.85582089978058,40.481617344716
116.84365380080068,40.38896900477307
116.20992145165731,39.91477279174983
116.6836386403083,40.12469828630032
116.68404602185707,40.11155787440765
116.85116695859449,40.40343200123935
116.34383400996296,39.799749061314074
116.65229397631808,40.324727561715946
116.11770823512488,39.94013345958985
116.66346090194318,40.35599566625544
116.35302771770485,39.74036100057132
116.10707490297271,39.94189234654157
116.8397699769283,40.370921138603784
116.66194617919226,40.18394050219339
116.85158898252308,40.40609301522951
116.25095838294745,39.92340481463295
116.67579104337317,40.039208066752636
116.30403790807378,40.15729304166766
116.421598072198,39.876355431838824
116.64203272230816,40.344979242225314
116.8387539933965,40.466084008173105
116.13448606679584,39.91139766870257
116.69633861411673,39.89293152188445
116.64588380942152,40.3212165760955
116.40635158192987,40.05245720767015
116.11264808018714,39.95273598838744
116.14438404605751,39.750404658356864
116.07451420281365,39.67990112403047
116.21353587370727,39.772013187948644
116.86922595358378,40.3953748994029
116.84556350848436,40.37010314509392
116.66504398574341,40.14801508109512
116.20951101586981,39.909836058092544
116.19898700749823,39.93969836383818
116.0797513239368,39.71947395128768
116.64605057336266,39.657134431919296
116.10709556399944,40.45227178099892
116.6352537496077,40.32875530064688
116.34934430579172,39.79163060274426
116.42400103943716,39.85055405743201
116.64877899668812,40.322940334402325
116.85582089978058,40.481617344716
116.87160955054445,40.384282951932896
116.87428997123516,40.38647189884666
116.42541860388955,39.87645674571676
116.64964442421642,40.14045813437584
116.37540280117793,39.81305670021641
116.18054479537838,39.89985765860721
116.8740009863526,40.39050904173703
116.54968242435491,39.7500239626141
116.82622487729608,40.37491263846726
116.33650949632627,39.82177131942679
116.38072103928863,39.85883761510765
116.50742370774063,39.887444415869865
116.20868709005607,39.84203217190071
116.4133836971231,39.91092454729957
117.12187958843704,40.156672611496724
116.83879729172207,40.36801912312636
116.14937260604609,39.73173600413417
116.66832163305769,39.91171907668445
116.37603368113756,39.8437418002442
116.0148615966097,39.72124457802407
116.38423745620743,39.84500813573429
116.4553104898514,39.84494574397001
116.64643594642644,39.896291647097065
116.64281577522121,40.322061726888535
116.12742781091228,39.733880928171395
116.84687719046214,40.360605923703375
116.64303365911488,40.340667337471
116.33850984303587,39.716909399249616
116.69841100492823,40.11079989857959
116.67529796347871,39.89029106481164
116.11714203316193,39.93340306268382
116.07742632961588,39.73509992030528
116.65654791469078,39.902759501920094
116.0731019767214,39.66371008837429
116.17192699129896,39.77437208388243
116.07957848995669,39.716058065493534
117.080597958726,40.14950344042703
116.44813716103201,39.849967648043396
116.07164528450642,39.938796077555935
116.65166965398865,40.34258037071378
116.15990038730081,39.728089256898976
116.40635158192987,40.05245720767015
116.4133836971231,39.91092454729957
116.82228401102378,40.37735803068757
116.31027502289066,39.86230209213439
116.37550026732576,39.80895972315765
116.14975214012405,39.733524624631045
116.2134059787305,39.76795915428705
116.19591974333441,39.92388870834631
116.21987289536808,39.90448403167967
116.06913101721456,39.69192708119229
116.54745022499313,39.76051430138559
116.19390735933096,39.93658525951325
116.22589044545387,39.904402099555995
116.42796849555256,40.08221967590581
116.85764993962944,40.41951019531353
116.18394245630877,39.92072549168867
116.726597496237,40.083895659788276
116.25936921743737,39.844362956428476
116.87206603628412,40.37921601002697
116.18394245630877,39.92072549168867
116.33419402404377,40.07899504267787
116.07333244827372,39.67436125165375
116.55438460454687,39.91824438148009
116.86873700589469,40.39947469030078
116.37539318930895,40.04115868371838
116.50240640197576,39.812602501109026
116.66346090194318,40.35599566625544
116.86347563052277,40.388532127878364
116.30967387684342,39.99305015020733
116.68383474040114,40.58046379638685
116.21403667902908,39.77461352142407
116.01904796977784,40.01335304126759
116.65116579442812,40.334042745393646
116.67308157429396,40.217420887247584
116.85764993962944,40.41951019531353
116.13176303330343,39.914618044340685
116.85649831196564,40.38086955721396
116.17598939830671,39.94074101234216
116.37796072611758,39.74487694219759
116.38478461409358,39.85816328090856
116.63298827826746,40.32835182394651
116.87428997123516,40.38647189884666
116.48668722334831,39.933372218538096
116.34152689192169,39.8795938016356
116.48915998892565,39.788316111324896
116.21164224569223,39.76111236552557
116.29831336638092,40.21141106438544
116.88114296430972,40.39861274684351
116.10827926116993,39.94815809735727
116.07247334252553,39.6606812250671
116.19405791533444,39.919520882462265
116.65566891011908,39.884374039770286
116.36864116577377,39.86967949340442
116.64282359047917,40.332464145718845
116.65863412677696,40.1193222735393
116.16017005861492,39.937986789582965
116.06913101721456,39.69192708119229
116.70596296952007,39.881201093752644
115.99196989763784,39.694704377835905
116.56091519577387,40.114323251736046
116.27936971177114,40.145440489707994
116.19055299672613,39.93664708317953
116.12742781091228,39.733880928171395
116.48637587065856,39.87539319351464
116.10955701092732,39.94744807206647
115.99794865979004,40.45419437919235
116.70596296952007,39.881201093752644
116.07114798257612,39.679643108811305
116.5002169619563,39.81025905999376
116.5310016222916,40.226264362849285
116.3274133445628,39.67271992766586
116.44685752483305,39.862111848860344
116.48727597277956,39.793877387920645
116.13249497263295,39.74588505975401
116.55570403567991,40.1616430610004
116.4133836971231,39.91092454729957
116.67058176972078,40.09145901336364
116.1002596387296,39.940050824803855
116.07451420281365,39.67990112403047
116.84592274085779,40.361288174956215
116.50355767031736,40.14158918288919
116.12255297640127,39.962228327179176
116.65129829449086,39.923455306848176
116.65210102029457,40.16829406139965
115.96323364335693,39.68652769364335
116.07247334252553,39.6606812250671
116.67096103430708,40.20982406689879
116.6548500148162,40.18975132967455
116.67827512759987,40.12788722289096
116.67413977818472,40.36763378151781
116.54178425281953,40.10284805416536
116.50815591656185,39.80769625127198
116.68212912772934,39.946588550550146
116.59224539704536,39.774732888162006
116.8387539933965,40.466084008173105
116.01902479349569,39.713769589556065
116.35073308611014,40.07068256459793
116.50815591656185,39.80769625127198
116.42223335385464,40.135365457642635
116.17694503490505,39.93805342626825
116.45124251334947,39.96498723448301
116.05090403909487,40.491433020802624
116.54423842347276,40.110323270962354
116.25502995267144,40.21497089368364
116.3863595233137,39.806302913121705
116.0797513239368,39.71947395128768
116.32608798461337,40.00738704985845
116.20058006248962,39.912562090913895
116.65116579442812,40.334042745393646
116.3589387476216,40.04603712036618
116.65863412677696,40.1193222735393
116.11273431751611,39.96202426132661
116.38235092480595,39.9163958543156
116.07742632961588,39.73509992030528
